projectname;packageandclass;path;Readability;Understandability;Complexity_inv;Modularization_inv;Overall;Code_Health;TD_Time;TD_Ratio;MI;line;cbo;cbod;cboi;cgc;cyc;dac;dit;lcom4;lpc;mll;mnd;mpc;nlam;nle;noa;noc;nod;noi;noi_ic;nolm;nom;non;non_am;non_lm;non_m;nop;nos;nos_am;nos_deeper_4;nos_lm;nos_m;rfc;rfc_ic
aoi;artofillusion.animation.ActorEditorWindow;aoi\sourcefiles\ArtOfIllusion\src\artofillusion\animation\ActorEditorWindow.java;1;2;2;1;2;8.99;242;0.02;21.0269;27;30;26;7;45;61;79;1;1;6;27;2;71;36;2;1;0;0;48;59;40;13;904;56.69231;356;691;1;451;28.30769;3;145;322;61;72
aoi;artofillusion.animation.AnimationPreviewer;aoi\sourcefiles\ArtOfIllusion\src\artofillusion\animation\AnimationPreviewer.java;2;2;1;1;3;8.73;354;0.05;23.5925;m;16;14;3;37;31;65;0;1;6;62;5;37;31;5;1;0;0;31;31;31;6;570;94.16667;314;555;1;289;48.5;3;141;281;37;37
aoi;artofillusion.animation.distortion.CustomDistortion;aoi\sourcefiles\ArtOfIllusion\src\artofillusion\animation\distortion\CustomDistortion.java;1;3;1;1;2;8.96;25;0.01;35.6171;19;10;9;1;36;32;46;1;1;2;42;3;13;10;3;1;0;0;12;12;10;4;271;72.25;127;270;1;110;32;0;51;109;16;16
aoi;artofillusion.animation.FilterParameterTrack;aoi\sourcefiles\ArtOfIllusion\src\artofillusion\animation\FilterParameterTrack.java;1;2;1;0;2;9.24;144;0.02;19.0213;24;17;16;1;38;57;99;1;2;11;27;3;56;31;2;1;0;0;50;50;31;27;731;29.80769;231;730;1;393;16.65385;0;109;392;77;77
aoi;artofillusion.animation.IKTrack;aoi\sourcefiles\ArtOfIllusion\src\artofillusion\animation\IKTrack.java;1;2;1;0;2;9.84;264;0.02;22.2977;25;22;22;3;65;77;109;1;4;12;35;3;57;24;3;1;0;0;29;48;26;20;847;22.4;80;414;1;464;13.55;0;50;241;49;68
aoi;artofillusion.animation.NullKeyframe;aoi\sourcefile.s\ArtOfIllusion\src\artofillusion\animation\NullKeyframe.java;0;1;3;3;0;9.39;20;0.02;49.1486;18;3;1;2;0;11;13;0;7;0;0;0;1;11;0;1;0;0;0;0;11;11;62;8.71429;27;61;1;32;4.42857;0;9;31;11;11
aoi;artofillusion.animation.PositionTrack;aoi\sourcefiles\ArtOfIllusion\src\artofillusion\animation\PositionTrack.java;2;0;1;1;2;7.23;194;0.01;12.5673;24;38;22;18;105;121;152;1;2;5;13;5;77;57;3;1;0;0;69;69;57;40;1195;34.21053;248;1182;1;648;19.86842;24;127;641;109;109
aoi;artofillusion.animation.Skeleton;aoi\sourcefiles\ArtOfIllusion\src\artofillusion\animation\Skeleton.java;2;3;0;0;3;7.34;242;0.02;12.0646;22;54;13;43;145;106;271;0;2;37;77;4;58;25;4;0;0;0;53;53;25;20;1563;82.89474;320;1556;0;596;32.15789;10;139;592;73;73
aoi;artofillusion.animation.SkeletonTool;aoi\sourcefiles\ArtOfIllusion\src\artofillusion\animation\SkeletonTool.java;1;2;1;0;2;6.33;168;0.02;17.4726;24;29;23;7;83;71;150;1;2;11;55;4;77;29;3;1;1;1;75;75;29;11;996;91.81818;314;982;1;472;44.81818;11;167;465;86;86
aoi;artofillusion.animation.VerticalAxis;aoi\sourcefiles\ArtOfIllusion\src\artofillusion\animation\VerticalAxis.java;1;2;2;2;1;9.68;12;0.01;37.3628;23;1;0;1;13;16;0;1;1;3;26;2;1;12;2;1;0;0;0;0;12;4;216;54.5;114;213;1;91;23.5;0;48;89;4;4
aoi;artofillusion.ApplicationPreferences;aoi\sourcefiles\ArtOfIllusion\src\artofillusion\ApplicationPreferences.java;2;2;2;2;2;9.1;38;0;19.3701;22;46;15;35;41;60;54;0;1;5;24;4;31;45;4;0;0;0;22;22;45;34;520;17.18182;110;519;0;350;12.0303;3;71;349;56;56
aoi;artofillusion.CreateCubeTool;aoi\sourcefiles\ArtOfIllusion\src\artofillusion\CreateCubeTool.java;1;2;1;1;2;9.84;86;0.03;34.9498;23;14;14;1;17;14;43;1;2;0;0;3;34;11;3;1;0;0;34;34;11;7;238;34.14286;197;235;1;129;18.71429;0;102;127;41;41
aoi;artofillusion.CreateCylinderTool;aoi\sourcefiles\ArtOfIllusion\src\artofillusion\CreateCylinderTool.java;0;1;2;2;1;9.84;71;0.02;33.8838;23;16;16;1;18;16;45;1;2;0;0;3;38;13;3;1;0;0;38;38;13;8;260;32.875;196;257;1;140;17.875;0;101;138;46;46
aoi;artofillusion.CreateVertexTool;aoi\sourcefiles\ArtOfIllusion\src\artofillusion\CreateVertexTool.java;1;2;0;1;3;6.72;166;0.02;21.8956;22;23;22;1;53;49;144;2;2;7;59;3;50;16;3;2;0;0;46;46;16;11;703;65.36364;364;702;1;310;29.63636;0;102;309;57;57
aoi;artofillusion.CurveViewer;aoi\sourcefiles\ArtOfIllusion\src\artofillusion\CurveViewer.java;2;2;0;1;2;7.84;143;0.02;25.2434;23;19;18;3;75;60;43;4;1;9;31;4;33;8;4;4;1;1;33;33;8;5;577;118.2;282;576;1;281;59;4;139;280;38;38
aoi;artofillusion.image.ImageOrColor;aoi\sourcefiles\ArtOfIllusion\src\artofillusion\image\ImageOrColor.java;0;1;2;2;1;9.69;10;0;34.2757;26;10;6;4;10;19;28;0;1;0;0;2;21;13;2;0;0;0;17;17;13;11;191;25.375;91;190;0;110;15.25;0;45;109;28;28
aoi;artofillusion.image.ImageSaver;aoi\sourcefiles\ArtOfIllusion\src\artofillusion\image\ImageSaver.java;2;2;1;0;2;7.87;131;0.02;20.0649;28;14;9;5;54;50;20;0;1;4;13;4;27;33;4;0;0;0;19;19;33;12;713;85.75;261;674;0;319;39.75;3;121;306;31;31
aoi;artofillusion.keystroke.KeystrokeEditor;aoi\sourcefiles\ArtOfIllusion\src\artofillusion\keystroke\KeystrokeEditor.java;1;1;3;2;1;10;77;0.03;37.3868;26;5;5;1;3;8;17;1;2;1;8;2;18;13;2;1;0;0;16;16;13;6;238;37;147;213;1;92;16.5;0;50;90;22;22
aoi;artofillusion.keystroke.KeystrokePreferencesPanel;aoi\sourcefiles\ArtOfIllusion\src\artofillusion\keystroke\KeystrokePreferencesPanel.java;1;1;2;2;2;10;110;0.02;29.5314;29;10;7;5;20;31;32;1;1;2;8;2;21;16;2;1;0;0;13;14;17;9;352;36.33333;122;311;1;192;20;0;52;165;22;23
aoi;artofillusion.material.Material3D;aoi\sourcefiles\ArtOfIllusion\src\artofillusion\material\Material3D.java;0;0;3;3;0;10;20;0.07;72.0605;17;6;5;2;0;2;4;1;0;0;0;0;1;2;0;1;1;1;1;1;2;2;16;5;9;15;1;6;1.66667;0;3;5;3;3
aoi;artofillusion.material.MaterialMapping;aoi\sourcefiles\ArtOfIllusion\src\artofillusion\material\MaterialMapping.java;0;0;3;3;0;10;5;0;49.5993;25;42;5;40;0;14;14;0;5;0;0;0;3;16;0;0;2;2;3;3;16;14;49;4.07692;9;48;0;36;3.07692;0;7;35;17;17
aoi;artofillusion.math.Cells;aoi\sourcefiles\ArtOfIllusion\src\artofillusion\math\Cells.java;2;3;0;0;3;7.92;183;0.03;24.409;25;5;3;2;116;49;18;0;1;12;56;7;11;21;6;0;0;0;6;7;22;8;716;69.5;290;545;0;227;27;30;112;205;14;15
aoi;artofillusion.math.Mat4;aoi\sourcefiles\ArtOfIllusion\src\artofillusion\math\Mat4.java;1;3;0;1;2;8.95;40;0.01;19.7759;17;117;2;115;2;40;31;0;11;0;0;1;9;40;1;0;0;0;8;8;40;24;1014;54.61905;242;1013;0;204;16.04762;0;70;203;32;32
aoi;artofillusion.MoveScaleRotateObjectTool;aoi\sourcefiles\ArtOfIllusion\src\artofillusion\MoveScaleRotateObjectTool.java;1;2;1;1;3;6.73;201;0.02;14.5845;29;24;24;1;152;96;164;1;2;11;163;7;92;41;5;1;0;0;86;86;41;18;1175;66.16667;253;1149;1;682;39.22222;101;165;670;104;104
aoi;artofillusion.object.ImplicitObject;aoi\sourcefiles\ArtOfIllusion\src\artofillusion\object\ImplicitObject.java;1;3;0;0;3;7.43;252;0.02;11.8384;36;19;13;6;127;58;46;1;2;17;140;7;21;24;7;1;2;2;16;16;24;16;7227;57.13333;525;852;1;313;20.8;64;150;307;32;32
aoi;artofillusion.object.MeshVertex;aoi\sourcefiles\ArtOfIllusion\src\artofillusion\object\MeshVertex.java;1;3;1;2;1;10;30;0.02;47.2493;17;57;1;56;3;5;4;0;1;0;0;2;3;6;1;0;1;1;2;2;6;3;90;44.5;65;89;0;32;15.5;0;16;31;5;5
aoi;artofillusion.object.ReferenceImage;aoi\sourcefiles\ArtOfIllusion\src\artofillusion\object\ReferenceImage.java;2;2;2;1;1;10;42;0.01;31.485;28;10;9;1;5;18;14;1;3;0;0;1;9;18;1;1;0;0;9;9;18;15;243;20.15385;51;242;1;104;9.46154;0;33;103;24;24
aoi;artofillusion.ObjectPropertiesPanel;aoi\sourcefiles\ArtOfIllusion\src\artofillusion\ObjectPropertiesPanel.java;1;2;1;0;3;6.44;276;0.02;12.1202;33;24;22;3;155;113;160;1;1;27;36;4;78;31;4;1;0;0;69;69;31;14;1315;96.71429;594;1314;1;680;51.35714;10;299;679;83;83
aoi;artofillusion.ObjectViewer;aoi\sourcefiles\ArtOfIllusion\src\artofillusion\ObjectViewer.java;1;2;0;0;1;8.02;104;0.01;16.6085;26;47;22;25;108;84;58;2;1;5;60;5;79;35;4;2;1;6;72;72;35;22;827;39.59091;172;826;1;487;24.13636;28;115;486;94;94
aoi;artofillusion.procedural.AbsModule;aoi\sourcefiles\ArtOfIllusion\src\artofillusion\procedural\AbsModule.java;0;0;3;3;0;10;22;0.02;48.871;20;7;5;2;6;11;18;1;1;0;0;1;8;8;1;1;0;0;7;7;8;5;102;21.8;30;101;1;34;8.2;0;14;33;12;12
aoi;artofillusion.procedural.ClipModule;aoi\sourcefiles\ArtOfIllusion\src\artofillusion\procedural\ClipModule.java;1;1;3;2;0;10;37;0.01;33.5627;23;9;8;1;14;25;34;1;1;0;0;2;16;14;2;1;0;0;13;13;14;12;247;22.33333;76;246;1;120;11.75;0;43;119;25;25
aoi;artofillusion.procedural.ColorDarkenModule;aoi\sourcefiles\ArtOfIllusion\src\artofillusion\procedural\ColorDarkenModule.java;2;2;3;2;1;10;14;0.01;44.2749;20;6;5;1;8;8;24;1;1;0;0;1;8;6;1;1;0;0;8;8;6;3;128;43;67;127;1;47;16;0;36;46;11;11
aoi;artofillusion.procedural.ColorLightenModule;aoi\sourcefiles\ArtOfIllusion\src\artofillusion\procedural\ColorLightenModule.java;1;1;2;2;1;10;14;0.01;44.2749;20;6;5;1;8;8;24;1;1;0;0;1;8;6;1;1;0;0;8;8;6;3;128;43;67;127;1;47;16;0;36;46;11;11
aoi;artofillusion.procedural.ColorScaleModule;aoi\sourcefiles\ArtOfIllusion\src\artofillusion\procedural\ColorScaleModule.java;1;1;2;3;1;10;12;0.01;49.7341;20;6;5;1;5;7;22;1;1;0;0;1;9;6;1;1;0;0;9;9;6;3;101;34;48;100;1;32;11;0;23;31;12;12
aoi;artofillusion.procedural.ColorSumModule;aoi\sourcefiles\ArtOfIllusion\src\artofillusion\procedural\ColorSumModule.java;0;1;2;3;1;10;12;0.01;48.5225;20;6;5;1;6;7;23;1;1;0;0;1;8;6;1;1;0;0;8;8;6;3;112;37.66667;54;111;1;35;12;0;25;34;11;11
aoi;artofillusion.procedural.MaxModule;aoi\sourcefiles\ArtOfIllusion\src\artofillusion\procedural\MaxModule.java;1;2;2;2;2;9.66;82;0.04;38.4773;18;7;4;3;20;21;25;1;1;0;0;3;7;10;1;1;0;0;6;6;10;5;192;39.6;114;190;1;74;16;0;50;72;11;11
aoi;artofillusion.procedural.NumberModule;aoi\sourcefiles\ArtOfIllusion\src\artofillusion\procedural\NumberModule.java;1;1;3;2;1;10;30;0.01;40.2258;23;12;8;4;1;12;21;1;1;0;0;1;13;11;1;1;0;0;11;11;11;10;130;15.22222;44;129;1;63;7.77778;0;26;62;21;21
aoi;artofillusion.procedural.RGBModule;aoi\sourcefiles\ArtOfIllusion\src\artofillusion\procedural\RGBModule.java;1;1;3;3;0;10;12;0.01;49.5878;20;5;4;1;5;8;26;1;1;0;0;1;6;6;1;1;0;0;6;6;6;3;114;38.33333;57;113;1;29;10;0;21;28;9;9
aoi;artofillusion.raytracer.PhotonMap;aoi\sourcefiles\Renderers\src\artofillusion\raytracer\PhotonMap.java;2;2;0;0;3;3.27;480;0.02;4.2056;28;38;23;17;312;199;209;0;1;18;140;5;85;41;5;0;0;0;70;70;41;24;2274;96.70833;593;2273;0;998;43.54167;87;278;997;94;94
aoi;artofillusion.raytracer.RTDirectionalLight;aoi\sourcefiles\Renderers\src\artofillusion\raytracer\RTDirectionalLight.java;0;1;2;3;0;10;0;0;53.0982;20;9;8;1;3;6;8;1;1;0;0;1;12;4;1;1;0;0;12;12;4;3;59;20;29;58;1;29;10;0;16;28;15;15
aoi;artofillusion.raytracer.RTEllipsoid;aoi\sourcefiles\Renderers\src\artofillusion\raytracer\RTEllipsoid.java;1;2;0;1;2;7.25;72;0.01;20.119;21;18;15;4;76;73;56;1;1;0;0;5;28;27;2;1;0;0;20;25;28;8;961;101;254;768;1;411;42.75;19;102;302;28;33
aoi;artofillusion.raytracer.RTTriangleLowMemory;aoi\sourcefiles\Renderers\src\artofillusion\raytracer\RTTriangleLowMemory.java;1;3;1;0;3;6.07;105;0.01;18.5245;23;18;16;3;125;100;89;1;2;0;0;3;24;17;3;1;0;0;16;20;18;9;1030;96.55556;237;861;1;415;39.66667;0;90;349;25;29
aoi;artofillusion.RotateObjectTool;aoi\sourcefiles\ArtOfIllusion\src\artofillusion\RotateObjectTool.java;2;2;1;1;2;8.21;220;0.03;21.8196;23;15;12;3;73;53;114;1;3;9;39;5;38;29;4;1;0;0;37;37;29;11;697;64.09091;251;677;1;359;33.81818;19;132;350;48;48
aoi;artofillusion.Scene;aoi\sourcefiles\ArtOfIllusion\src\artofillusion\Scene.java;1;3;1;0;3;4.08;720;0.02;0.3467;32;221;39;203;291;279;267;0;2;70;48;5;116;133;5;0;0;0;98;98;133;98;2438;30.54762;459;2419;0;1548;20.10714;33;282;1542;196;196
aoi;artofillusion.SceneChangedEvent;aoi\sourcefiles\ArtOfIllusion\src\artofillusion\SceneChangedEvent.java;0;0;3;3;0;10;0;0;67.0568;21;7;1;6;0;2;4;0;0;0;0;0;0;3;0;0;0;0;0;0;3;2;10;5;6;9;0;9;4.5;0;5;8;2;2
aoi;artofillusion.SceneViewer;aoi\sourcefiles\ArtOfIllusion\src\artofillusion\SceneViewer.java;1;2;1;1;3;5.03;440;0.03;11.0619;25;30;23;9;226;148;111;2;1;13;47;7;97;31;7;2;0;0;88;88;31;19;1396;80.33333;417;1395;1;702;41.77778;64;205;701;107;107
aoi;artofillusion.script.ScriptedObjectController;aoi\sourcefiles\ArtOfIllusion\src\artofillusion\script\ScriptedObjectController.java;0;1;2;3;1;10;5;0;39.0126;21;14;11;5;10;17;25;0;2;2;11;2;26;13;2;0;0;0;24;24;13;8;134;20.42857;50;133;0;92;14.42857;0;36;91;32;32
aoi;artofillusion.SplineMeshEditorWindow;aoi\sourcefiles\ArtOfIllusion\src\artofillusion\SplineMeshEditorWindow.java;2;3;0;0;3;3.48;1020;0.04;2.6554;25;44;43;3;485;281;318;3;1;80;106;6;128;58;6;5;0;0;109;109;58;41;3199;79.90244;371;3198;2;1389;35.7561;159;161;1388;150;150
aoi;artofillusion.spmanager.HttpSPMFileSystem;aoi\sourcefiles\SPManager\src\artofillusion\spmanager\HttpSPMFileSystem.java;3;2;1;0;3;5.26;1200;0.05;7.4478;44;16;12;6;240;142;77;1;4;12;113;9;32;25;7;1;0;0;19;18;28;14;1788;110.30769;546;1409;1;907;59.46154;121;287;748;33;32
aoi;artofillusion.spmanager.InstallSplitPane;aoi\sourcefiles\SPManager\src\artofillusion\spmanager\InstallSplitPane.java;1;3;1;0;2;5.54;840;0.05;8.4099;36;20;11;11;212;132;98;2;1;10;83;11;62;40;9;2;0;0;40;40;40;27;1424;58.76;430;1420;1;793;33.28;164;207;790;67;67
aoi;artofillusion.spmanager.SPManagerPlugin;aoi\sourcefiles\SPManager\src\artofillusion\spmanager\SPManagerPlugin.java;2;2;0;0;2;4.53;1440;0.08;10.2008;33;21;13;11;269;130;58;0;7;6;121;9;39;23;8;1;0;0;31;31;23;12;1584;130.83333;485;1570;1;756;62;195;231;744;43;43
aoi;artofillusion.spmanager.SPManagerUtils;aoi\sourcefiles\SPManager\src\artofillusion\spmanager\SPManagerUtils.java;2;1;1;1;2;7.24;480;0.06;18.5615;32;12;4;8;123;77;6;0;5;8;45;7;4;14;7;0;0;0;2;2;15;12;670;54;178;648;0;323;25.75;51;84;309;14;14
aoi;artofillusion.spmanager.SPMFileSystem;aoi\sourcefiles\SPManager\src\artofillusion\spmanager\SPMFileSystem.java;0;1;3;3;1;9.69;1452;0.09;39.8343;17;7;1;6;17;23;3;0;2;4;9;2;1;19;2;0;2;2;0;0;19;10;145;15.7;66;136;0;97;11.3;0;39;92;10;10
aoi;artofillusion.spmanager.SPMTranslate;aoi\sourcefiles\SPManager\src\artofillusion\spmanager\SPMTranslate.java;1;1;2;2;1;9.1;526;0.02;18.8975;34;15;0;15;22;44;0;0;12;0;0;3;6;24;2;0;0;0;0;0;24;22;414;34.08333;86;409;0;208;17;0;42;204;22;22
aoi;artofillusion.texture.FaceVertexParameterValue;aoi\sourcefiles\ArtOfIllusion\src\artofillusion\texture\FaceVertexParameterValue.java;1;1;1;2;1;8.66;50;0.01;25.6178;19;16;6;10;55;47;12;0;1;22;14;3;7;16;3;1;0;0;4;4;16;14;445;50.77778;231;444;1;199;23.44444;0;113;198;18;18
aoi;artofillusion.texture.UniformTexture;aoi\sourcefiles\ArtOfIllusion\src\artofillusion\texture\UniformTexture.java;1;1;2;2;1;9.15;131;0.02;23.7436;23;35;14;24;11;35;44;1;2;0;0;2;32;21;2;1;0;0;23;23;21;12;537;53.09091;251;536;1;251;27.09091;0;130;250;35;35
aoi;artofillusion.tools.ArraySpec;aoi\sourcefiles\Tools\src\artofillusion\tools\ArraySpec.java;1;3;1;0;2;7.85;434;0.05;17.7841;29;13;12;1;83;62;155;0;2;12;63;3;60;41;3;0;0;0;51;51;41;12;848;87.8;169;836;0;448;48.3;0;98;441;63;63
aoi;artofillusion.TransformPointsDialog;aoi\sourcefiles\ArtOfIllusion\src\artofillusion\TransformPointsDialog.java;0;1;3;2;1;10;30;0.01;36.9797;24;3;3;0;12;15;18;1;1;3;11;2;9;10;2;1;0;0;6;6;10;7;219;31.71429;120;218;1;92;13.57143;0;37;91;13;13
aoi;artofillusion.translators.OBJImporter;aoi\sourcefiles\Translators\src\artofillusion\translators\OBJImporter.java;2;3;0;0;3;4.57;1320;0.07;9.0305;26;34;33;1;366;171;167;0;1;33;238;12;77;7;8;0;0;0;63;65;10;7;1918;219.625;1164;1757;0;861;95.625;285;502;765;70;72
aoi;artofillusion.translators.POVExporter;aoi\sourcefiles\Translators\src\artofillusion\translators\POVExporter.java;2;3;1;0;3;4.75;960;0.06;9.2164;24;28;27;1;152;87;142;0;1;13;15;12;72;17;4;0;0;0;65;65;17;8;2400;264.55556;1601;2381;0;905;99.44444;445;584;895;73;73
aoi;artofillusion.translators.TextureImageExporter;aoi\sourcefiles\Translators\src\artofillusion\translators\TextureImageExporter.java;1;2;1;2;2;7.57;167;0.04;28.8091;25;19;17;2;109;53;78;0;1;4;31;6;18;21;5;0;0;0;16;16;21;7;471;67;317;458;0;189;27.57143;46;120;182;23;23
aoi;artofillusion.TriMeshSelectionUtilities;aoi\sourcefiles\ArtOfIllusion\src\artofillusion\TriMeshSelectionUtilities.java;1;2;1;1;2;6.48;600;0.09;20.6885;22;8;7;1;156;76;93;0;3;20;112;5;10;6;5;0;0;0;7;7;6;6;683;97.42857;267;682;0;279;39.71429;58;114;278;13;13
aoi;artofillusion.TriMeshSimplifier;aoi\sourcefiles\ArtOfIllusion\src\artofillusion\TriMeshSimplifier.java;2;2;0;0;3;3.87;8;0.02;6.3507;50;21;18;3;390;179;538;0;1;47;366;6;42;23;6;1;0;0;27;27;28;9;2393;264.55556;1013;2351;1;830;90.88889;134;368;788;36;36
aoi;artofillusion.TubeEditorWindow;aoi\sourcefiles\ArtOfIllusion\src\artofillusion\TubeEditorWindow.java;2;3;0;0;3;7.09;381;0.03;16.1609;23;33;33;1;118;73;141;4;1;20;114;5;73;12;4;6;0;0;71;71;12;10;1208;122.1;449;1207;1;527;54;21;177;526;81;81
aoi;artofillusion.ui.DefaultDockableWidget;aoi\sourcefiles\ArtOfIllusion\src\artofillusion\ui\DefaultDockableWidget.java;1;1;3;3;1;10;0;0;53.6556;22;2;1;1;1;4;4;1;1;0;0;1;3;3;1;1;0;0;3;3;3;3;63;31;54;62;1;34;16.5;0;27;33;6;6
aoi;artofillusion.ui.DefaultToolButton;aoi\sourcefiles\ArtOfIllusion\src\artofillusion\ui\DefaultToolButton.java;0;0;2;3;0;9.84;46;0.02;31.9635;27;5;5;2;23;21;9;1;2;0;0;3;8;6;3;1;0;0;7;7;6;4;209;70;93;208;1;108;36.33333;0;51;107;11;11
aoi;artofillusion.ui.ToolPalette;aoi\sourcefiles\ArtOfIllusion\src\artofillusion\ui\ToolPalette.java;2;2;2;2;1;9.1;57;0.01;23.0551;21;16;3;13;48;63;54;1;1;11;21;4;20;31;2;1;0;0;16;16;31;23;531;26.40909;95;530;1;279;14.95455;5;46;278;39;39
aoi;artofillusion.view.FlatVertexShader;aoi\sourcefiles\ArtOfIllusion\src\artofillusion\view\FlatVertexShader.java;0;1;3;3;0;10;0;0;42.6874;20;11;7;5;0;6;20;0;2;0;0;0;13;9;0;1;0;0;13;13;9;6;91;18.8;50;90;1;44;9.4;0;26;43;19;19
aoi;artofillusion.view.GLCanvasDrawer;aoi\sourcefiles\ArtOfIllusion\src\artofillusion\view\GLCanvasDrawer.java;2;2;0;0;2;8.07;314;0.01;7.1099;31;18;18;3;125;122;105;0;2;13;48;4;48;58;4;1;0;0;20;31;62;34;2121;56.67742;349;1687;1;882;25.25806;31;147;713;54;65
aoi;artofillusion.view.TexturedVertexShader;aoi\sourcefiles\ArtOfIllusion\src\artofillusion\view\TexturedVertexShader.java;2;2;0;1;2;9.35;44;0.01;26.3757;23;18;15;4;32;27;76;0;3;1;10;3;18;18;3;1;0;0;18;18;18;7;396;58.14286;248;393;1;185;28.14286;0;115;183;25;25
aoi;nik777.aoi.HelpPlugin;aoi\sourcefiles\HelpPlugin\src\HelpPlugin.java;2;3;0;0;3;5.37;1740;0.08;5.9141;64;16;15;1;293;157;55;0;7;13;93;8;41;34;8;1;0;0;33;33;34;15;2005;141.42857;663;1978;1;931;65.5;151;327;915;48;48
aoi;nik777.chat.ChatTextPane;aoi\sourcefiles\HelpPlugin\src\ChatTextPane.java;1;2;0;0;2;7.03;660;0.06;12.4445;71;2;1;1;103;83;2;1;1;10;49;5;11;54;5;3;0;0;2;2;54;23;911;54.23529;265;893;3;442;26.70588;8;101;431;25;25
aoi;nik777.xlate.StringEditor;aoi\sourcefiles\HelpPlugin\src\StringEditor.java;1;3;1;2;2;8.05;92;0.02;24.8927;43;2;0;2;52;59;0;0;1;4;15;3;5;13;3;0;1;1;0;0;13;7;329;65.2;160;316;0;198;39.6;0;90;188;7;7
argoUML;org.argouml.application.api.Argo;argoUML\sourcefiles\src\argouml-app\src\org\argouml\application\api\Argo.java;0;1;3;3;1;10;125;0.04;43.2699;62;38;2;36;1;6;73;0;0;0;0;0;5;53;0;0;0;0;5;5;54;4;254;5.25;9;21;0;107;3.5;0;5;14;9;9
argoUML;org.argouml.application.events.ArgoEventPump;argoUML\sourcefiles\src\argouml-app\src\org\argouml\application\events\ArgoEventPump.java;0;1;1;3;1;8.66;106;0.01;19.558;58;61;16;45;79;85;104;0;6;3;18;4;39;22;4;0;0;0;24;20;23;19;562;29.17647;140;494;0;305;15.64706;0;57;264;43;39
argoUML;org.argouml.cognitive.ui.PriorityNode;argoUML\sourcefiles\src\argouml-app\src\org\argouml\cognitive\ui\PriorityNode.java;1;0;3;3;0;10;1;0;46.2259;51;6;2;4;1;6;6;0;1;0;0;1;3;11;1;0;0;0;1;1;11;5;69;11.2;34;54;0;36;6;0;10;28;6;6
argoUML;org.argouml.cognitive.ui.ToDoByType;argoUML\sourcefiles\src\argouml-app\src\org\argouml\cognitive\ui\ToDoByType.java;2;2;2;1;2;9.69;10;0;34.507;54;10;9;1;34;21;22;4;2;8;35;3;13;6;3;7;0;0;12;12;6;5;201;38.8;67;194;2;121;23.4;0;41;117;17;17
argoUML;org.argouml.cognitive.UnresolvableException;argoUML\sourcefiles\src\argouml-app\src\org\argouml\cognitive\UnresolvableException.java;0;0;3;3;0;10;0;0;70.3948;44;4;0;4;0;1;0;1;0;0;0;0;0;1;0;1;0;0;0;0;1;1;5;4;4;4;1;4;3;0;3;3;1;1
argoUML;org.argouml.core.propertypanels.ui.EnumerationListModel;argoUML\sourcefiles\src\argouml-core-umlpropertypanels\src\org\argouml\core\propertypanels\ui\EnumerationListModel.java;0;0;3;3;0;10;0;0;62.5544;48;4;3;1;0;3;3;2;2;0;0;0;7;3;0;3;0;0;7;7;3;3;23;7.33333;8;22;1;18;5.66667;0;7;17;10;10
argoUML;org.argouml.core.propertypanels.ui.LabelledLayout;argoUML\sourcefiles\src\argouml-core-umlpropertypanels\src\org\argouml\core\propertypanels\ui\LabelledLayout.java;1;1;1;1;1;7.32;71;0.01;18.617;92;4;2;2;57;52;10;0;4;5;60;4;12;28;4;2;0;0;2;2;28;24;448;20.63636;157;444;2;263;12.31818;20;87;261;26;26
argoUML;org.argouml.core.propertypanels.ui.UMLDiscriminatorNameDocument;argoUML\sourcefiles\src\argouml-core-umlpropertypanels\src\org\argouml\core\propertypanels\ui\UMLDiscriminatorNameDocument.java;0;0;3;3;0;10;0;0;58.1084;49;5;4;1;0;3;3;2;0;0;0;0;6;4;0;5;0;0;6;6;4;3;23;6.33333;7;19;1;16;4.66667;0;6;14;9;9
argoUML;org.argouml.core.propertypanels.ui.UMLExpressionPanel;argoUML\sourcefiles\src\argouml-core-umlpropertypanels\src\org\argouml\core\propertypanels\ui\UMLExpressionPanel.java;0;0;3;2;0;10;0;0;50.0906;60;4;3;1;2;4;7;1;2;0;0;1;6;7;1;2;0;0;6;6;7;3;60;18.66667;37;53;2;35;11.33333;0;21;31;9;9
argoUML;org.argouml.core.propertypanels.ui.UMLIncludeBaseListModel;argoUML\sourcefiles\src\argouml-core-umlpropertypanels\src\org\argouml\core\propertypanels\ui\UMLIncludeBaseListModel.java;0;0;3;3;0;10;0;0;65.6996;48;4;4;0;0;2;2;3;1;0;0;0;6;2;0;4;0;0;6;6;2;2;13;6;8;12;1;11;5;0;7;10;8;8
argoUML;org.argouml.core.propertypanels.ui.UMLMessageActivatorComboBoxModel;argoUML\sourcefiles\src\argouml-core-umlpropertypanels\src\org\argouml\core\propertypanels\ui\UMLMessageActivatorComboBoxModel.java;0;1;2;3;1;10;0;0;45.3704;48;6;5;1;6;12;11;2;1;0;0;2;13;7;2;5;0;0;13;13;7;5;87;16.8;26;84;1;58;11.2;0;15;56;18;18
argoUML;org.argouml.core.propertypanels.ui.UMLModelElementSourceFlowListModel;argoUML\sourcefiles\src\argouml-core-umlpropertypanels\src\org\argouml\core\propertypanels\ui\UMLModelElementSourceFlowListModel.java;0;0;3;3;0;10;0;0;58.2002;47;3;3;0;2;5;4;2;1;0;0;1;6;3;1;3;0;0;6;6;3;3;30;9.66667;13;29;1;22;7;0;9;21;9;9
argoUML;org.argouml.core.propertypanels.ui.UMLOFSStateListModel;argoUML\sourcefiles\src\argouml-core-umlpropertypanels\src\org\argouml\core\propertypanels\ui\UMLOFSStateListModel.java;1;1;2;2;1;9.69;57;0.01;43.4836;54;15;14;1;32;34;38;2;1;1;11;3;35;4;3;3;0;0;12;31;6;3;259;21.66667;34;65;1;188;15.66667;0;25;47;15;34
argoUML;org.argouml.core.propertypanels.ui.UMLSignalComboBoxModel;argoUML\sourcefiles\src\argouml-core-umlpropertypanels\src\org\argouml\core\propertypanels\ui\UMLSignalComboBoxModel.java;0;1;2;3;0;10;16;0.01;39.9532;60;16;15;1;13;16;20;2;2;0;0;3;31;7;3;5;0;0;27;30;8;7;137;15.14286;36;106;1;100;10.71429;0;26;75;34;37
argoUML;org.argouml.core.propertypanels.ui.UMLTemplateParameterParameterComboBoxModel;argoUML\sourcefiles\src\argouml-core-umlpropertypanels\src\org\argouml\core\propertypanels\ui\UMLTemplateParameterParameterComboBoxModel.java;1;1;2;3;1;10;11;0.01;41.6544;58;10;9;1;5;12;9;2;3;1;13;1;19;9;1;5;0;0;18;18;9;7;116;15.14286;35;106;1;73;9.71429;0;25;68;25;25
argoUML;org.argouml.dev.UndoManagerWrapper;argoUML\sourcefiles\modules\dev\src\org\argouml\dev\UndoManagerWrapper.java;1;0;3;3;1;10;15;0.1;81.4119;45;0;0;0;0;1;0;0;0;0;0;0;0;1;0;0;0;0;0;0;1;1;4;3;3;3;0;4;3;0;3;3;1;1
argoUML;org.argouml.gefext.ArgoFigRect;argoUML\sourcefiles\src\argouml-app\src\org\argouml\gefext\ArgoFigRect.java;0;0;3;3;0;10;0;0;47.5873;56;1;0;1;0;6;0;1;1;0;0;0;0;7;0;2;0;0;0;0;7;6;42;9.4;14;41;2;24;5.2;0;7;23;6;6
argoUML;org.argouml.gefext.ArgoModeCreateFigLine;argoUML\sourcefiles\src\argouml-app\src\org\argouml\gefext\ArgoModeCreateFigLine.java;0;0;3;3;0;10;7;0.02;62.8318;55;3;2;1;0;2;1;1;2;0;0;0;2;2;0;1;0;0;2;2;2;2;18;5.66667;9;17;1;12;3.66667;0;5;11;4;4
argoUML;org.argouml.kernel.ProfileConfiguration;argoUML\sourcefiles\src\argouml-app\src\org\argouml\kernel\ProfileConfiguration.java;1;1;2;2;1;9.39;84;0.01;21.4211;72;59;20;40;52;61;57;1;3;14;26;3;38;31;3;2;0;0;29;29;31;22;430;22.89474;74;416;1;280;14.94737;0;48;273;51;51
argoUML;org.argouml.model.AbstractUseCasesHelperDecorator;argoUML\sourcefiles\src\argouml-core-model\src\org\argouml\model\AbstractUseCasesHelperDecorator.java;0;0;3;3;0;9.69;0;0;37.8109;48;4;3;1;0;25;6;0;1;0;0;0;24;26;0;1;1;1;24;24;26;25;130;6.29167;12;129;1;87;4.5;0;7;86;49;49
argoUML;org.argouml.model.euml.CollaborationsFactoryEUMLImpl;argoUML\sourcefiles\src\argouml-core-model-euml\src\org\argouml\model\euml\CollaborationsFactoryEUMLImpl.java;0;1;3;3;1;9.39;30;0.01;33.7317;30;6;5;2;3;25;4;0;16;0;0;1;9;24;1;3;0;0;3;3;24;23;207;11.5;59;206;2;134;7.44444;0;35;133;26;26
argoUML;org.argouml.model.euml.DataTypesHelperEUMLImpl;argoUML\sourcefiles\src\argouml-core-model-euml\src\org\argouml\model\euml\DataTypesHelperEUMLImpl.java;1;2;1;1;2;7.29;44;0.01;22.4389;38;4;3;2;62;63;7;0;9;2;14;8;4;18;3;1;0;0;1;1;18;17;559;32.82353;111;558;1;298;17.47059;98;60;297;18;18
argoUML;org.argouml.model.euml.UMLUtil;argoUML\sourcefiles\src\argouml-core-model-euml\src\org\argouml\model\euml\UMLUtil.java;2;2;1;1;1;9.69;35;0.01;31.1343;35;14;3;11;20;24;2;1;3;1;8;2;7;7;2;1;0;0;6;6;7;6;240;33.57143;70;235;1;146;20.42857;0;55;143;12;12
argoUML;org.argouml.model.euml.XmiReaderEUMLImpl;argoUML\sourcefiles\src\argouml-core-model-euml\src\org\argouml\model\euml\XmiReaderEUMLImpl.java;2;2;1;1;3;7.06;190;0.03;25.3849;49;8;8;1;91;49;6;0;4;5;55;10;11;17;9;1;0;0;10;10;17;13;375;28.46154;164;366;1;228;17.46154;46;96;223;23;23
argoUML;org.argouml.model.mdr.CollaborationsHelperMDRImpl;argoUML\sourcefiles\src\argouml-core-model-mdr\src\org\argouml\model\mdr\CollaborationsHelperMDRImpl.java;2;2;1;1;2;3.51;171;0.01;8.811;84;9;9;1;249;216;14;0;15;28;38;6;30;41;6;1;0;0;19;19;41;39;1479;39.91892;220;1472;1;816;22.08108;35;154;812;58;58
argoUML;org.argouml.model.mdr.CoreFactoryMDRImpl;argoUML\sourcefiles\src\argouml-core-model-mdr\src\org\argouml\model\mdr\CoreFactoryMDRImpl.java;2;3;0;1;3;4.09;275;0.01;0;137;19;15;5;255;383;13;1;33;12;23;4;87;150;3;4;0;0;29;29;150;147;3104;24.952;218;3094;2;1748;14.144;16;92;1743;176;176
argoUML;org.argouml.model.mdr.ModelEventPumpMDRImpl;argoUML\sourcefiles\src\argouml-core-model-mdr\src\org\argouml\model\mdr\ModelEventPumpMDRImpl.java;0;2;2;0;2;7.48;298;0.01;9.0991;101;14;14;1;124;119;14;1;4;15;46;6;41;51;4;3;0;0;17;17;51;39;1209;40.25806;184;1200;2;671;22.3871;85;117;666;56;56
argoUML;org.argouml.model.mdr.UmlFactoryMDRImpl;argoUML\sourcefiles\src\argouml-core-model-mdr\src\org\argouml\model\mdr\UmlFactoryMDRImpl.java;2;2;0;0;3;2.85;304;0.01;1.4882;178;27;27;1;349;304;55;1;3;7;28;39;315;44;6;3;0;0;291;291;44;34;2912;91.09677;826;2804;2;1590;51.67742;922;613;1585;325;325
argoUML;org.argouml.notation.providers.ActionStateNotation;argoUML\sourcefiles\src\argouml-app\src\org\argouml\notation\providers\ActionStateNotation.java;0;1;3;3;0;10;12;0.02;1.4882;54;4;3;1;3;5;4;1;1;1;10;1;6;2;1;2;1;1;6;6;2;2;46;22.5;32;45;1;29;14;0;20;28;8;8
argoUML;org.argouml.notation.providers.java.AssociationEndNameNotationJava;argoUML\sourcefiles\src\argouml-app\src\org\argouml\notation\providers\java\AssociationEndNameNotationJava.java;0;0;2;3;0;10;5;0;47.0549;54;10;9;1;3;8;8;2;2;0;0;1;10;5;1;3;0;0;9;9;5;5;67;16.5;48;66;1;39;9.5;0;29;38;14;14
argoUML;org.argouml.notation.providers.uml.ClassifierRoleNotationUml;argoUML\sourcefiles\src\argouml-app\src\org\argouml\notation\providers\uml\ClassifierRoleNotationUml.java;2;2;0;1;3;7.63;124;0.02;26.4738;76;14;12;2;70;40;27;2;2;4;81;9;25;6;5;3;0;0;23;23;6;6;344;68.6;258;343;1;221;44;63;167;220;29;29
argoUML;org.argouml.persistence.AbstractFilePersister;argoUML\sourcefiles\src\argouml-app\src\org\argouml\persistence\AbstractFilePersister.java;0;0;2;2;1;10;87;0.01;22.4659;71;37;20;18;32;56;38;1;9;3;13;3;19;28;3;2;2;6;3;8;30;24;427;13.95455;55;305;2;228;7.77273;0;34;170;27;32
argoUML;org.argouml.sequence2.diagram.FigMessage;argoUML\sourcefiles\src\argouml-core-diagrams-sequence2\src\org\argouml\sequence2\diagram\FigMessage.java;1;1;1;2;2;9.39;65;0.01;19.3386;81;26;19;10;44;68;47;2;4;3;30;4;60;39;3;18;0;0;48;48;39;33;572;19.09091;75;562;1;385;11.87879;4;40;380;81;81
argoUML;org.argouml.ui.cmd.ShortcutField;argoUML\sourcefiles\src\argouml-app\src\org\argouml\ui\cmd\ShortcutField.java;0;1;1;2;1;9.54;29;0.01;38.3147;57;6;4;2;18;20;11;1;1;1;15;3;9;5;3;1;0;0;6;6;5;3;150;49.33333;102;146;1;83;27.33333;0;61;81;9;9
argoUML;org.argouml.ui.explorer.ExplorerTreeModel;argoUML\sourcefiles\src\argouml-app\src\org\argouml\ui\explorer\ExplorerTreeModel.java;1;1;1;1;2;8.19;267;0.02;14.9397;80;15;13;5;103;80;73;1;1;19;42;5;32;28;5;3;0;0;13;16;29;20;625;28.1;96;550;3;420;19.05;27;61;369;33;36
argoUML;org.argouml.ui.explorer.rules.AbstractPerspectiveRule;argoUML\sourcefiles\src\argouml-app\src\org\argouml\ui\explorer\rules\AbstractPerspectiveRule.java;0;0;3;3;0;10;0;0;72.7447;47;80;1;79;0;3;1;0;1;0;0;0;1;3;0;1;79;79;0;0;3;3;9;2;4;8;1;8;1.75;0;4;7;3;3
argoUML;org.argouml.ui.explorer.rules.GoStateToDoActivity;argoUML\sourcefiles\src\argouml-app\src\org\argouml\ui\explorer\rules\GoStateToDoActivity.java;0;0;3;3;0;10;24;0.03;53.1036;58;5;4;1;3;6;6;1;0;0;0;1;4;3;1;2;0;0;4;4;3;3;47;11.5;24;46;1;30;7.25;0;14;29;7;7
argoUML;org.argouml.ui.SettingsTabLayout;argoUML\sourcefiles\src\argouml-app\src\org\argouml\ui\SettingsTabLayout.java;1;1;3;2;1;10;85;0.05;34.9259;65;4;4;0;0;11;12;1;5;0;0;0;5;12;0;2;0;0;4;4;12;11;120;10.63636;48;117;2;66;5.81818;0;18;64;15;15
argoUML;org.argouml.ui.ZoomSliderButton;argoUML\sourcefiles\src\argouml-app\src\org\argouml\ui\ZoomSliderButton.java;1;2;2;2;1;10;50;0.01;29.2112;80;10;4;7;19;34;5;1;1;1;9;2;13;16;2;1;0;0;2;2;18;6;326;44;120;252;1;190;25;0;59;144;8;8
argoUML;org.argouml.uml.cognitive.checklist.Init;argoUML\sourcefiles\src\argouml-app\src\org\argouml\uml\cognitive\checklist\Init.java;0;1;3;2;1;7.93;5;0;14.3327;54;9;8;1;1;4;90;0;1;0;0;1;20;3;1;0;0;0;18;18;3;3;920;229.75;904;919;0;367;91.5;0;357;366;21;21
argoUML;org.argouml.uml.cognitive.critics.CrCircularInheritance;argoUML\sourcefiles\src\argouml-app\src\org\argouml\uml\cognitive\critics\CrCircularInheritance.java;0;0;2;3;0;10;1;0;50.3176;61;10;9;1;3;5;8;3;1;0;0;2;11;4;2;5;0;0;12;12;4;3;63;18.66667;31;56;1;37;11;0;17;33;15;15
argoUML;org.argouml.uml.cognitive.critics.CrInvalidForkTriggerOrGuard;argoUML\sourcefiles\src\argouml-app\src\org\argouml\uml\cognitive\critics\CrInvalidForkTriggerOrGuard.java;1;2;3;3;1;9.69;1;0;43.663;57;8;8;0;7;13;19;3;1;0;0;1;18;4;1;5;0;0;19;19;4;3;136;44;111;132;1;76;24.66667;0;59;74;22;22
argoUML;org.argouml.uml.cognitive.critics.CrMissingClassName;argoUML\sourcefiles\src\argouml-app\src\org\argouml\uml\cognitive\critics\CrMissingClassName.java;0;0;2;3;1;9.69;16;0.01;42.0846;56;14;12;2;6;12;21;3;2;0;0;2;20;6;2;5;0;0;21;21;6;6;120;19.83333;46;119;1;73;12;0;30;72;27;27
argoUML;org.argouml.uml.cognitive.critics.CrMissingOperName;argoUML\sourcefiles\src\argouml-app\src\org\argouml\uml\cognitive\critics\CrMissingOperName.java;1;1;2;3;1;10;16;0.01;41.8262;54;13;11;2;10;12;19;3;2;0;0;3;18;5;3;5;0;0;19;19;5;5;120;23.8;50;119;1;74;14.6;0;33;73;24;24
argoUML;org.argouml.uml.cognitive.critics.CrMultiComposite;argoUML\sourcefiles\src\argouml-app\src\org\argouml\uml\cognitive\critics\CrMultiComposite.java;0;0;3;3;0;10;1;0;49.9531;59;10;9;1;6;7;10;3;1;0;0;3;10;4;3;5;0;0;11;11;4;4;61;15;29;60;1;39;9.5;0;18;38;15;15
argoUML;org.argouml.uml.cognitive.critics.CrNoIncomingTransitions;argoUML\sourcefiles\src\argouml-app\src\org\argouml\uml\cognitive\critics\CrNoIncomingTransitions.java;0;1;2;2;0;9.46;20;0.01;37.986;57;10;9;1;20;19;19;3;1;2;20;2;24;4;2;5;0;0;24;24;4;4;163;40.5;123;162;1;102;25.25;0;76;101;28;28
argoUML;org.argouml.uml.cognitive.critics.WizMEName;argoUML\sourcefiles\src\argouml-app\src\org\argouml\uml\cognitive\critics\WizMEName.java;0;0;3;3;0;10;25;0.01;38.27;56;17;6;11;13;17;6;2;1;0;0;2;10;14;2;3;1;1;11;11;14;8;115;15.375;39;108;1;73;9.625;0;22;69;19;19
argoUML;org.argouml.uml.diagram.activity.ui.FigSubactivityState;argoUML\sourcefiles\src\argouml-app\src\org\argouml\uml\diagram\activity\ui\FigSubactivityState.java;0;2;1;2;1;9.69;41;0.01;25.5262;65;9;8;1;12;27;8;3;2;0;0;2;17;31;2;21;0;0;14;14;31;18;474;25.83333;136;453;1;196;11;0;28;186;32;32
argoUML;org.argouml.uml.diagram.deployment.ui.SelectionComponentInstance;argoUML\sourcefiles\src\argouml-app\src\org\argouml\uml\diagram\deployment\ui\SelectionComponentInstance.java;0;0;3;3;0;10;22;0.01;47.8934;51;7;6;1;3;10;7;2;1;0;0;1;9;11;1;2;0;0;9;9;11;7;106;11.14286;22;78;1;50;6.14286;0;11;43;16;16
argoUML;org.argouml.uml.diagram.deployment.ui.UMLDeploymentDiagram;argoUML\sourcefiles\src\argouml-app\src\org\argouml\uml\diagram\deployment\ui\UMLDeploymentDiagram.java;2;1;2;1;2;8.66;150;0.01;16.2594;83;48;30;18;51;83;70;3;5;1;10;10;83;52;2;14;0;0;63;63;52;32;691;21.96774;106;681;2;432;13.77419;82;71;427;95;95
argoUML;org.argouml.uml.diagram.state.ui.ButtonActionNewCallEvent;argoUML\sourcefiles\src\argouml-app\src\org\argouml\uml\diagram\state\ui\ButtonActionNewCallEvent.java;0;0;3;3;0;10;0;0;68.2248;48;6;3;3;0;3;2;3;1;0;0;0;2;3;0;6;0;0;2;2;3;3;17;4;7;16;1;13;3;0;5;12;5;5
argoUML;org.argouml.uml.diagram.state.ui.FigCompositeState;argoUML\sourcefiles\src\argouml-app\src\org\argouml\uml\diagram\state\ui\FigCompositeState.java;2;2;1;2;2;8.28;119;0.02;20.6807;67;16;11;7;46;49;20;4;1;4;15;5;31;25;5;22;0;0;24;24;25;23;529;23.52174;181;528;1;294;13.30435;9;65;293;47;47
argoUML;org.argouml.uml.diagram.static_structure.layout.ClassdiagramModelElementFactory;argoUML\sourcefiles\src\argouml-app\src\org\argouml\uml\diagram\static_structure\layout\ClassdiagramModelElementFactory.java;1;1;3;3;0;10;0;0;52.19;59;14;13;1;6;8;12;0;0;0;0;6;7;4;1;0;0;0;6;6;4;2;72;31.5;60;63;0;37;16;11;29;32;8;8
argoUML;org.argouml.uml.diagram.static_structure.layout.ClassdiagramNode;argoUML\sourcefiles\src\argouml-app\src\org\argouml\uml\diagram\static_structure\layout\ClassdiagramNode.java;0;0;2;2;0;10;32;0.01;21.8262;66;8;4;4;15;43;5;0;1;4;11;2;11;41;1;3;1;1;0;0;41;29;309;11.37931;64;297;2;198;7.13793;0;42;193;29;29
argoUML;org.argouml.uml.diagram.ui.ActionStereotypeViewTextual;argoUML\sourcefiles\src\argouml-app\src\org\argouml\uml\diagram\ui\ActionStereotypeViewTextual.java;0;0;3;3;0;10;0;0;69.7845;50;3;3;1;0;1;3;4;0;0;0;0;1;1;0;4;0;0;1;1;1;1;8;7;7;7;1;4;3;0;3;3;2;2
argoUML;org.argouml.uml.diagram.ui.FigEdgePort;argoUML\sourcefiles\src\argouml-app\src\org\argouml\uml\diagram\ui\FigEdgePort.java;0;0;3;3;1;10;0;0;40.2361;63;10;3;7;5;13;2;2;6;1;4;1;2;11;1;20;0;0;1;1;11;9;111;12.22222;30;108;1;61;6.77778;0;18;59;10;10
argoUML;org.argouml.uml.diagram.ui.FigKeyword;argoUML\sourcefiles\src\argouml-app\src\org\argouml\uml\diagram\ui\FigKeyword.java;0;0;3;3;0;10;5;0;48.0585;62;7;6;1;0;5;3;3;1;0;0;0;7;6;0;5;0;0;5;5;6;5;52;13;18;51;1;35;8.75;0;15;34;10;10
argoUML;org.argouml.uml.diagram.ui.FigStereotypesGroup;argoUML\sourcefiles\src\argouml-app\src\org\argouml\uml\diagram\ui\FigStereotypesGroup.java;1;2;1;1;2;8.36;54;0.01;20.2394;85;33;14;19;77;60;39;2;2;10;20;5;26;24;5;3;0;0;15;15;24;19;491;26.21053;92;484;1;302;16.21053;9;54;298;34;34
argoUML;org.argouml.uml.diagram.ui.FigUsage;argoUML\sourcefiles\src\argouml-app\src\org\argouml\uml\diagram\ui\FigUsage.java;0;0;3;3;0;10;0;0;69.7845;48;3;2;1;0;1;2;3;0;0;0;0;1;1;0;19;0;0;1;1;1;1;6;5;5;5;1;4;3;0;3;3;2;2
argoUML;org.argouml.uml.diagram.ui.PathConvPercent2;argoUML\sourcefiles\src\argouml-app\src\org\argouml\uml\diagram\ui\PathConvPercent2.java;1;1;3;3;0;10;5;0;36.4579;54;0;0;0;5;10;0;1;1;0;0;1;3;10;1;1;0;0;0;0;10;6;138;22.83333;68;134;1;60;10.16667;0;23;58;6;6
argoUML;org.argouml.uml.diagram.UmlDiagramRenderer;argoUML\sourcefiles\src\argouml-app\src\org\argouml\uml\diagram\UmlDiagramRenderer.java;1;2;2;2;2;9.69;40;0.01;23.5299;64;17;8;9;28;28;18;0;1;3;44;6;19;9;3;2;7;8;15;15;9;9;259;25.8;70;258;2;157;15.6;23;46;156;24;24
argoUML;org.argouml.uml.reveng.ui.ImportStatusScreen;argoUML\sourcefiles\src\argouml-app\src\org\argouml\uml\reveng\ui\ImportStatusScreen.java;0;1;3;3;0;10;65;0.01;28.6032;76;8;3;5;9;28;6;1;10;0;0;3;10;25;3;5;0;0;1;1;25;18;297;16.94444;158;293;3;157;9.11111;0;64;155;19;19
argoUML;org.argouml.uml.ui.ActionImportFromSources;argoUML\sourcefiles\src\argouml-app\src\org\argouml\uml\ui\ActionImportFromSources.java;1;1;2;3;1;10;38;0.02;37.9267;65;13;11;2;9;12;14;2;2;0;0;1;16;6;1;3;0;0;15;15;6;4;164;38.75;99;155;2;73;17;0;41;68;19;19
argoUML;org.argouml.uml.ui.behavior.state_machines.ButtonActionNewGuard;argoUML\sourcefiles\src\argouml-app\src\org\argouml\uml\ui\behavior\state_machines\ButtonActionNewGuard.java;0;0;3;3;0;10;0;0;52.2741;58;10;7;3;2;7;9;2;1;0;0;1;15;5;1;3;0;0;12;12;5;5;68;13.2;28;66;2;48;9.2;0;20;46;17;17
argoUML;org.argouml.uml.ui.behavior.state_machines.PopupMenuNewEvent;argoUML\sourcefiles\src\argouml-app\src\org\argouml\uml\ui\behavior\state_machines\PopupMenuNewEvent.java;2;1;2;2;1;10;25;0.02;43.5286;56;13;13;0;5;6;31;1;1;0;0;3;10;3;2;1;0;0;9;9;3;2;130;62.5;118;125;1;63;30;0;56;60;11;11
argoUML;org.argouml.uml.ui.foundation.core.UMLAssociationEndOrderingCheckBox;argoUML\sourcefiles\src\argouml-app\src\org\argouml\uml\ui\foundation\core\UMLAssociationEndOrderingCheckBox.java;0;0;3;3;0;10;0;0;60.5736;50;6;6;0;1;3;5;2;1;0;0;1;8;2;1;5;0;0;8;8;2;2;27;13;17;26;1;19;9;0;13;18;10;10
argoUML;org.argouml.uml.ui.foundation.core.UMLGeneralizableElementLeafCheckBox;argoUML\sourcefiles\src\argouml-app\src\org\argouml\uml\ui\foundation\core\UMLGeneralizableElementLeafCheckBox.java;0;0;3;3;0;10;0;0;59.3427;50;5;5;0;3;4;5;2;1;0;0;1;7;2;1;5;0;0;7;7;2;2;29;14;19;28;1;19;9;0;13;18;9;9
argoUML;org.argouml.uml.ui.PropPanel;argoUML\sourcefiles\src\argouml-app\src\org\argouml\uml\ui\PropPanel.java;1;2;2;2;2;9.39;118;0.01;14.8973;98;50;22;30;59;86;60;2;10;10;23;3;48;49;3;6;4;14;35;33;51;41;670;16.41026;70;620;3;401;9.74359;0;39;366;76;74
argoUML;org.argouml.uml.ui.UMLComboBox2;argoUML\sourcefiles\src\argouml-app\src\org\argouml\uml\ui\UMLComboBox2.java;1;1;2;2;1;9.24;40;0.01;32.1893;61;11;6;5;17;20;13;1;5;1;28;3;8;13;3;5;1;2;6;6;13;10;161;17.55556;87;157;4;109;11.88889;0;53;106;16;16
argoUML;org.argouml.uml.ui.UMLTableCellRenderer;argoUML\sourcefiles\src\argouml-app\src\org\argouml\uml\ui\UMLTableCellRenderer.java;0;0;3;3;0;10;0;0;58.5556;47;3;2;1;5;4;2;1;0;0;0;2;3;2;2;1;0;0;3;3;2;2;28;13.5;24;27;1;21;10;0;17;20;5;5
argoUML;org.argouml.uml.ui.UMLTreeCellRenderer;argoUML\sourcefiles\src\argouml-app\src\org\argouml\uml\ui\UMLTreeCellRenderer.java;1;0;2;2;1;9.69;20;0.01;42.3366;64;7;5;2;11;8;7;1;0;0;0;3;7;3;2;1;0;0;7;7;3;1;95;43;85;86;1;55;25;0;49;50;8;8
argoUML;org.argouml.util.PredicateStringMatch;argoUML\sourcefiles\src\argouml-app\src\org\argouml\util\PredicateStringMatch.java;0;0;2;3;0;10;47;0.03;42.4882;47;4;3;1;13;15;4;0;2;2;14;2;3;6;2;1;0;0;2;2;6;3;125;41.33333;65;122;1;70;23.33333;0;34;68;5;5
argoUML;org.argouml.util.PredicateTrue;argoUML\sourcefiles\src\argouml-app\src\org\argouml\util\PredicateTrue.java;0;0;3;3;0;10;0;0;65.3006;48;7;1;6;0;3;1;0;1;0;0;0;1;4;0;1;0;0;0;0;4;3;16;4.33333;5;13;1;11;3;0;3;9;3;3
argoUML;org.argouml.util.PredicateType;argoUML\sourcefiles\src\argouml-app\src\org\argouml\util\PredicateType.java;0;1;3;3;1;10;80;0.04;40.5812;44;2;1;1;9;15;1;0;5;2;14;2;2;11;2;1;1;1;0;0;11;8;133;34;51;132;1;69;18;0;26;68;8;8
diarymanagement;TBA.Client.GUI.SettingsDialog;diarymanagement\sourcefiles\tbaclient\src\TBA\Client\GUI\SettingsDialog.java;1;0;3;0;1;8.64;437;0.03;11.5452;21;8;2;6;21;47;7;1;2;2;17;3;15;58;3;1;0;0;0;0;58;23;1117;52.30435;690;1110;1;582;27.17391;0;311;578;23;23
diarymanagement;TBA.Data.User;diarymanagement\sourcefiles\dbserver\src\TBA\Data\User.java;0;0;3;3;0;10;34;0.02;39.0403;9;6;1;5;3;13;6;0;1;1;10;2;2;16;2;0;0;0;2;2;16;11;55;5;14;54;0;48;4.41667;0;12;47;13;13
diarymanagement;TBA.Data.User;diarymanagement\sourcefiles\tbaclientr\SSL\src\TBA\Data\User.java;0;0;3;3;0;10;10;0.01;39.0403;9;6;1;5;3;13;6;0;1;1;10;2;2;16;2;0;0;0;2;2;16;11;55;5;14;54;0;48;4.41667;0;12;47;13;13
diarymanagement;TBA.Exceptions.MessagesException;diarymanagement\sourcefiles\dbserver\src\TBA\Exceptions\MessagesException.java;0;0;3;3;0;10;10;0.02;55.8394;12;27;0;27;0;4;0;1;0;0;0;0;0;4;0;1;0;0;0;0;4;4;17;16;16;16;1;13;12;0;12;12;4;4
diarymanagement;TBA.Exceptions.NetworkDataException;diarymanagement\sourcefiles\dbserver\src\TBA\Exceptions\NetworkDataException.java;0;0;3;3;2;10;10;0.02;55.8394;12;1;0;1;0;4;0;1;0;0;0;0;0;4;0;1;0;0;0;0;4;4;17;16;16;16;1;13;12;0;12;12;4;4
diarymanagement;TBA.Logging.TBALogger;diarymanagement\sourcefiles\tbaclient\src\TBA\Logging\TBALogger.java;2;1;3;3;2;10;38;0.03;40.6121;27;1;0;1;3;7;0;0;1;1;7;1;0;4;1;0;0;0;0;0;4;4;68;16.75;43;67;0;40;9.75;0;22;39;4;4
diarymanagement;TBA.Messages.LoginResponse;diarymanagement\sourcefiles\dbserver\src\TBA\Messages\LoginResponse.java;1;0;3;3;0;9.69;115;0.03;27.3639;13;4;3;1;14;20;15;2;1;2;10;1;8;17;1;2;0;0;9;9;17;9;221;27.88889;96;220;1;129;15.77778;0;61;128;18;18
diarymanagement;TBA.Messages.LogoutResponse;diarymanagement\sourcefiles\tbaclient\src\TBA\Messages\LogoutResponse.java;0;0;3;3;0;10;30;0.06;52.7748;12;3;2;1;0;3;3;2;1;0;0;0;2;3;0;2;0;0;3;3;3;3;19;6;8;18;1;15;4.66667;0;6;14;6;6
diarymanagement;TBA.Messages.Messages;diarymanagement\sourcefiles\dbserver\src\TBA\Messages\Messages.java;1;0;3;2;0;10;85;0.03;29.3927;13;5;1;4;13;20;4;0;1;0;0;2;2;15;1;0;2;12;1;1;15;9;174;21.22222;64;171;0;94;11.33333;0;33;92;10;10
diarymanagement;TBA.Messages.QueryMessage;diarymanagement\sourcefiles\dbserver\src\TBA\Messages\QueryMessage.java;0;0;3;3;0;10;19;0.02;38.2134;18;8;2;6;5;9;4;1;1;0;0;1;4;7;1;1;5;5;5;5;7;5;79;17.2;37;78;1;49;10.4;0;18;48;10;10
diarymanagement;TBA.Messages.ResponseMessage;diarymanagement\sourcefiles\dbserver\src\TBA\Messages\ResponseMessage.java;1;1;2;3;1;10;51;0.02;31.8525;18;9;2;7;11;16;5;1;1;0;0;1;4;10;1;1;5;5;5;5;10;7;137;21.85714;54;136;1;78;12;0;33;77;12;12
jsweet;def.dom.ANGLE_instanced_arrays;jsweet\sourcefiles\core-lib\es6\src\main\java\def\dom\ANGLE_instanced_arrays.java;0;0;3;3;0;10;60;0.2;73.4318;2;1;1;0;0;4;1;1;3;0;0;0;0;6;0;1;0;0;1;1;6;4;20;4.25;6;17;1;9;1.5;0;3;6;5;5
jsweet;def.dom.AudioParam;jsweet\sourcefiles\core-lib\es5\src\main\java\def\dom\AudioParam.java;0;0;3;3;0;10;67;0.16;66.9547;3;10;2;8;0;7;2;1;3;0;0;0;0;10;0;1;0;0;1;1;10;7;26;3.14286;4;22;1;13;1.28571;0;3;9;8;8
jsweet;def.dom.CanvasRenderingContext2D;jsweet\sourcefiles\core-lib\es5\src\main\java\def\dom\CanvasRenderingContext2D.java;0;0;3;3;0;10;365;0.13;37.3345;3;9;9;1;0;71;46;1;66;0;0;0;0;91;0;1;0;0;1;1;91;71;357;9.33333;147;336;1;94;2.02778;0;21;73;72;72
jsweet;def.dom.ChildNode;jsweet\sourcefiles\core-lib\es5\src\main\java\def\dom\ChildNode.java;0;0;3;3;0;10;2;0.01;91.2106;3;4;1;3;0;1;1;1;1;0;0;0;0;1;0;1;0;0;0;0;1;1;4;1;1;2;1;4;1;0;1;2;1;1
jsweet;def.dom.CloseEvent;jsweet\sourcefiles\core-lib\es6\src\main\java\def\dom\CloseEvent.java;0;0;3;3;0;10;67;0.25;82.1995;2;5;1;4;0;2;1;2;1;0;0;0;0;6;0;2;0;0;1;1;6;2;15;5;7;10;1;9;2;0;3;4;3;3
jsweet;def.dom.CSSConditionRule;jsweet\sourcefiles\core-lib\es5\src\main\java\def\dom\CSSConditionRule.java;0;0;3;3;0;10;45;0.25;91.9748;2;3;1;2;0;1;1;3;0;0;0;0;0;3;0;3;2;2;1;1;3;1;6;3;3;3;1;6;3;0;3;3;2;2
jsweet;def.dom.GainNode;jsweet\sourcefiles\core-lib\es5\src\main\java\def\dom\GainNode.java;1;0;3;3;0;10;45;0.25;91.9748;2;3;2;1;0;1;2;3;0;0;0;0;0;3;0;3;0;0;1;1;3;1;6;3;3;3;1;6;3;0;3;3;2;2
jsweet;def.dom.GamepadEvent;jsweet\sourcefiles\core-lib\es5\src\main\java\def\dom\GamepadEvent.java;0;0;3;3;0;10;45;0.25;91.9748;2;5;2;3;0;1;2;2;0;0;0;0;0;3;0;2;0;0;1;1;3;1;6;3;3;3;1;6;3;0;3;3;2;2
jsweet;def.dom.HTMLAllCollection;jsweet\sourcefiles\core-lib\es6\src\main\java\def\dom\HTMLAllCollection.java;0;0;3;3;0;10;37;0.21;84.5507;2;2;2;0;0;2;2;2;1;0;0;0;0;3;0;3;0;0;1;1;3;2;7;2.5;3;5;1;6;2;0;3;4;3;3
jsweet;def.dom.HTMLBaseElement;jsweet\sourcefiles\core-lib\es5\src\main\java\def\dom\HTMLBaseElement.java;0;0;3;3;0;10;55;0.26;91.5687;2;3;1;2;0;1;1;5;0;0;0;0;0;4;0;5;0;0;1;1;4;1;7;3;3;3;1;7;3;0;3;3;2;2
jsweet;def.dom.HTMLBodyElement;jsweet\sourcefiles\core-lib\es6\src\main\java\def\dom\HTMLBodyElement.java;3;1;3;3;1;10;429;0.1;35.502;2;145;143;2;0;238;488;5;237;0;0;0;0;265;0;5;0;0;1;1;265;238;858;276.66667;826;830;1;268;80;0;236;240;239;239
jsweet;def.dom.HTMLDTElement;jsweet\sourcefiles\core-lib\es6\src\main\java\def\dom\HTMLDTElement.java;0;0;3;3;0;10;45;0.25;91.9748;2;3;1;2;0;1;1;5;0;0;0;0;0;3;0;5;0;0;1;1;3;1;6;3;3;3;1;6;3;0;3;3;2;2
jsweet;def.dom.HTMLFrameElement;jsweet\sourcefiles\core-lib\es5\src\main\java\def\dom\HTMLFrameElement.java;1;1;3;3;1;10;600;0.09;26.0403;3;127;126;2;0;210;420;5;208;0;0;0;0;228;0;5;0;0;1;1;228;210;755;244;728;732;1;232;70.66667;0;208;212;211;211
jsweet;def.dom.HTMLIFrameElement;jsweet\sourcefiles\core-lib\es6\src\main\java\def\dom\HTMLIFrameElement.java;2;3;2;1;3;10;272;0.09;25.762;3;127;126;2;0;210;419;5;208;0;0;0;0;232;0;5;0;0;1;1;232;210;759;244;728;732;1;236;70.66667;0;208;212;211;211
jsweet;def.dom.HTMLLegendElement;jsweet\sourcefiles\core-lib\es5\src\main\java\def\dom\HTMLLegendElement.java;0;0;3;3;0;10;55;0.26;91.5687;2;4;2;2;0;1;2;5;0;0;0;0;0;4;0;5;0;0;1;1;4;1;7;3;3;3;1;7;3;0;3;3;2;2
jsweet;def.dom.HTMLMapElement;jsweet\sourcefiles\core-lib\es5\src\main\java\def\dom\HTMLMapElement.java;0;0;3;3;0;10;55;0.26;91.5687;2;4;2;2;0;1;2;5;0;0;0;0;0;4;0;5;0;0;1;1;4;1;7;3;3;3;1;7;3;0;3;3;2;2
jsweet;def.dom.HTMLNextIdElement;jsweet\sourcefiles\core-lib\es5\src\main\java\def\dom\HTMLNextIdElement.java;0;1;3;3;0;10;45;0.25;91.9748;2;3;1;2;0;1;1;5;0;0;0;0;0;3;0;5;0;0;1;1;3;1;6;3;3;3;1;6;3;0;3;3;2;2
jsweet;def.dom.HTMLOListElement;jsweet\sourcefiles\core-lib\es6\src\main\java\def\dom\HTMLOListElement.java;1;1;3;3;0;10;65;0.27;90.4652;2;3;1;2;0;1;1;5;0;0;0;0;0;5;0;5;0;0;1;1;5;1;8;3;3;3;1;8;3;0;3;3;2;2
jsweet;def.dom.HTMLUListElement;jsweet\sourcefiles\core-lib\es5\src\main\java\def\dom\HTMLUListElement.java;0;1;3;3;1;10;55;0.26;91.5687;2;3;1;2;0;1;1;5;0;0;0;0;0;4;0;5;0;0;1;1;4;1;7;3;3;3;1;7;3;0;3;3;2;2
jsweet;def.dom.HTMLUnknownElement;jsweet\sourcefiles\core-lib\es5\src\main\java\def\dom\HTMLUnknownElement.java;0;0;3;3;0;10;35;0.23;92.4436;2;1;1;0;0;1;1;5;0;0;0;0;0;2;0;5;0;0;1;1;2;1;5;3;3;3;1;5;3;0;3;3;2;2
jsweet;def.dom.intl.CollatorOptions;jsweet\sourcefiles\core-lib\es5\src\main\java\def\dom\intl\CollatorOptions.java;0;0;3;3;0;10;0;0;0;3;3;1;2;0;0;1;1;0;0;0;0;0;6;0;1;0;0;0;0;6;0;15;1;1;1;1;15;1;0;1;1;0;0
jsweet;def.dom.intl.ResolvedCollatorOptions;jsweet\sourcefiles\core-lib\es6\src\main\java\def\dom\intl\ResolvedCollatorOptions.java;0;0;3;3;0;10;70;0.21;0;3;2;1;1;0;0;1;1;0;0;0;0;0;7;0;1;0;0;0;0;7;0;10;1;1;1;1;10;1;0;1;1;0;0
jsweet;def.dom.intl.ResolvedNumberFormatOptions;jsweet\sourcefiles\core-lib\es6\src\main\java\def\dom\intl\ResolvedNumberFormatOptions.java;0;0;3;3;0;10;70;0.12;0;3;2;1;1;0;0;1;1;0;0;0;0;0;11;0;1;0;0;0;0;11;0;18;1;1;1;1;18;1;0;1;1;0;0
jsweet;def.dom.KeyAlgorithm;jsweet\sourcefiles\core-lib\es5\src\main\java\def\dom\KeyAlgorithm.java;0;0;3;3;0;10;0;0;0;3;2;1;1;0;0;1;1;0;0;0;0;0;1;0;1;0;0;0;0;1;0;5;1;1;1;1;5;1;0;1;1;0;0
jsweet;def.dom.KeyAlgorithm;jsweet\sourcefiles\core-lib\es6\src\main\java\def\dom\KeyAlgorithm.java;0;0;3;3;0;10;0;0;0;3;2;1;1;0;0;1;1;0;0;0;0;0;1;0;1;0;0;0;0;1;0;5;1;1;1;1;5;1;0;1;1;0;0
jsweet;def.dom.MediaSource;jsweet\sourcefiles\core-lib\es6\src\main\java\def\dom\MediaSource.java;0;0;3;3;0;10;85;0.2;69.6552;2;3;3;0;0;6;5;2;5;0;0;0;0;11;0;2;0;0;1;1;11;6;18;2.4;3;12;1;14;1.6;0;3;8;7;7
jsweet;def.dom.MimeTypeArray;jsweet\sourcefiles\core-lib\es6\src\main\java\def\dom\MimeTypeArray.java;0;0;3;3;0;10;53;0.14;69.7059;2;2;2;0;0;5;5;1;4;0;0;0;0;7;0;2;0;0;1;1;7;5;14;2.2;3;11;2;11;1.6;0;3;8;6;6
jsweet;def.dom.MouseEvent;jsweet\sourcefiles\core-lib\es6\src\main\java\def\dom\MouseEvent.java;0;0;3;3;0;10;284;0.29;68.5804;2;23;5;19;0;5;7;3;1;0;0;0;0;30;0;3;5;5;1;1;30;5;56;10;16;30;1;37;3.66667;0;9;11;6;6
jsweet;def.dom.MouseEventInit;jsweet\sourcefiles\core-lib\es6\src\main\java\def\dom\MouseEventInit.java;0;0;3;3;0;10;0;0;0;3;5;2;3;0;0;2;4;0;0;0;0;0;7;0;4;2;2;0;0;7;0;17;1;1;1;1;17;1;0;1;1;0;0
jsweet;def.dom.MSApp;jsweet\sourcefiles\core-lib\es6\src\main\java\def\dom\MSApp.java;1;0;3;3;0;10;158;0.22;58.3451;3;6;6;0;0;15;7;1;12;0;0;0;0;19;0;1;0;0;0;0;19;15;40;2.125;4;34;1;22;1;0;1;16;15;15
jsweet;def.dom.MSBaseReader;jsweet\sourcefiles\core-lib\es6\src\main\java\def\dom\MSBaseReader.java;0;0;3;3;0;10;150;0.13;56.7275;3;14;12;2;0;17;35;1;17;0;0;0;0;28;0;1;0;0;0;0;28;17;71;19.33333;56;58;1;31;6;0;16;18;17;17
jsweet;def.dom.MSFileSaver;jsweet\sourcefiles\core-lib\es5\src\main\java\def\dom\MSFileSaver.java;0;0;3;3;0;10;8;0.03;76.6578;3;2;1;1;0;4;1;1;4;0;0;0;0;4;0;1;0;0;0;0;4;4;13;3.66667;5;11;1;7;1.66667;0;2;5;4;4
jsweet;def.dom.MSInputMethodContext;jsweet\sourcefiles\core-lib\es5\src\main\java\def\dom\MSInputMethodContext.java;1;0;3;3;0;10;123;0.16;58.8466;2;9;9;1;0;15;22;2;12;0;0;0;0;22;0;2;0;0;1;1;22;15;50;7;35;42;1;25;2.83333;0;10;17;16;16
jsweet;def.dom.MSManipulationEvent;jsweet\sourcefiles\core-lib\es5\src\main\java\def\dom\MSManipulationEvent.java;0;0;3;3;0;10;173;0.32;79.3058;2;13;2;11;0;2;2;3;1;0;0;0;0;15;0;3;0;0;1;1;15;2;25;5.5;8;11;1;18;2;0;3;4;3;3
jsweet;def.dom.MSMediaKeySession;jsweet\sourcefiles\core-lib\es6\src\main\java\def\dom\MSMediaKeySession.java;0;0;3;3;0;10;69;0.21;78.3827;3;4;3;1;0;3;3;2;2;0;0;0;0;7;0;2;0;0;1;1;7;3;11;2;3;6;1;10;1.66667;0;3;5;4;4
jsweet;def.dom.MSStreamReader;jsweet\sourcefiles\core-lib\es5\src\main\java\def\dom\MSStreamReader.java;0;0;3;3;0;10;217;0.16;50.1629;3;15;15;0;0;29;48;2;28;0;0;0;0;42;0;2;0;0;1;1;42;29;107;11.125;56;89;1;46;3.875;0;16;31;30;30
jsweet;def.dom.MSWebViewSettings;jsweet\sourcefiles\core-lib\es5\src\main\java\def\dom\MSWebViewSettings.java;0;0;3;3;0;10;55;0.26;91.5687;2;2;1;1;0;1;1;1;0;0;0;0;0;4;0;1;0;0;1;1;4;1;7;3;3;3;1;7;3;0;3;3;2;2
jsweet;def.dom.MutationRecord;jsweet\sourcefiles\core-lib\es6\src\main\java\def\dom\MutationRecord.java;0;0;3;3;0;10;125;0.3;89.6572;2;4;3;1;0;1;6;1;0;0;0;0;0;11;0;1;0;0;1;1;11;1;14;3;3;3;1;14;3;0;3;3;2;2
jsweet;def.dom.NavigatorOnLine;jsweet\sourcefiles\core-lib\es6\src\main\java\def\dom\NavigatorOnLine.java;0;0;3;3;0;10;10;0.07;0;3;2;1;1;0;0;1;1;0;0;0;0;0;1;0;1;0;0;0;0;1;0;4;1;1;1;1;4;1;0;1;1;0;0
jsweet;def.dom.NodeList;jsweet\sourcefiles\core-lib\es6\src\main\java\def\dom\NodeList.java;0;0;3;3;0;10;49;0.2;82.7075;2;6;2;5;0;3;3;1;2;0;0;0;0;5;0;1;1;1;1;1;5;3;10;2.33333;3;7;1;8;1.66667;0;3;5;4;4
jsweet;def.dom.NodeSelector;jsweet\sourcefiles\core-lib\es5\src\main\java\def\dom\NodeSelector.java;0;0;3;3;0;10;4;0.02;84.5507;3;5;3;3;0;2;3;1;2;0;0;0;0;2;0;1;0;0;0;0;2;2;7;1.66667;2;5;1;5;1;0;1;3;2;2
jsweet;def.dom.OES_standard_derivatives;jsweet\sourcefiles\core-lib\es6\src\main\java\def\dom\OES_standard_derivatives.java;0;0;3;3;0;10;52;0.29;91.2106;2;1;1;0;0;1;1;1;0;0;0;0;0;3;0;1;0;0;1;1;3;1;6;3;3;3;1;6;3;0;3;3;2;2
jsweet;def.dom.PointerEvent;jsweet\sourcefiles\core-lib\es5\src\main\java\def\dom\PointerEvent.java;0;0;3;3;0;10;166;0.25;67.3894;2;19;5;16;0;6;6;4;1;0;0;0;0;19;0;4;0;0;1;1;19;6;58;11;28;44;1;26;3;0;9;12;7;7
jsweet;def.dom.Selection;jsweet\sourcefiles\core-lib\es5\src\main\java\def\dom\Selection.java;0;1;3;3;0;10;133;0.17;58.3989;2;6;3;3;0;15;12;1;12;0;0;0;0;23;0;1;0;0;1;1;23;15;40;2.06667;5;31;1;26;1.13333;0;3;17;16;16
jsweet;def.dom.SVGAnimatedBoolean;jsweet\sourcefiles\core-lib\es5\src\main\java\def\dom\SVGAnimatedBoolean.java;1;1;3;3;0;10;55;0.26;91.5687;2;29;1;28;0;1;1;1;0;0;0;0;0;4;0;1;0;0;1;1;4;1;7;3;3;3;1;7;3;0;3;3;2;2
jsweet;def.dom.SVGAnimatedString;jsweet\sourcefiles\core-lib\es5\src\main\java\def\dom\SVGAnimatedString.java;0;0;3;3;0;10;55;0.26;91.5687;2;28;1;27;0;1;1;1;0;0;0;0;0;4;0;1;0;0;1;1;4;1;7;3;3;3;1;7;3;0;3;3;2;2
jsweet;def.dom.SVGElementInstance;jsweet\sourcefiles\core-lib\es6\src\main\java\def\dom\SVGElementInstance.java;0;0;3;3;0;10;115;0.3;90.4652;2;4;4;2;0;1;4;2;0;0;0;0;0;10;0;2;0;0;1;1;10;1;13;3;3;3;1;13;3;0;3;3;2;2
jsweet;def.dom.SVGFEColorMatrixElement;jsweet\sourcefiles\core-lib\es5\src\main\java\def\dom\SVGFEColorMatrixElement.java;0;0;3;3;0;10;183;0.27;70.4423;3;10;8;2;0;5;14;5;4;0;0;0;0;19;0;5;0;0;1;1;19;5;36;8.5;14;17;1;23;3.5;0;4;7;6;6
jsweet;def.dom.SVGFEFuncBElement;jsweet\sourcefiles\core-lib\es5\src\main\java\def\dom\SVGFEFuncBElement.java;0;0;3;3;0;10;35;0.23;92.4436;2;3;1;2;0;1;1;6;0;0;0;0;0;2;0;6;0;0;1;1;2;1;5;3;3;3;1;5;3;0;3;3;2;2
jsweet;def.dom.SVGFEMergeElement;jsweet\sourcefiles\core-lib\es5\src\main\java\def\dom\SVGFEMergeElement.java;2;2;3;3;0;10;93;0.21;71.9859;3;8;6;2;0;5;11;5;4;0;0;0;0;11;0;5;0;0;1;1;11;5;28;8.5;14;17;1;15;3.5;0;4;7;6;6
jsweet;def.dom.SVGMaskElement;jsweet\sourcefiles\core-lib\es5\src\main\java\def\dom\SVGMaskElement.java;0;0;3;3;0;10;281;0.34;69.6944;3;15;13;2;0;6;21;5;5;0;0;0;0;24;0;5;0;0;1;1;24;6;50;6.33333;14;19;1;28;2.66667;0;4;8;7;7
jsweet;def.dom.SVGPathSegMovetoRel;jsweet\sourcefiles\core-lib\es6\src\main\java\def\dom\SVGPathSegMovetoRel.java;0;0;3;3;0;10;55;0.26;92.4436;2;2;1;1;0;1;1;2;0;0;0;0;0;4;0;2;0;0;1;1;4;1;7;3;3;3;1;7;3;0;3;3;2;2
jsweet;def.dom.SVGStringList;jsweet\sourcefiles\core-lib\es5\src\main\java\def\dom\SVGStringList.java;0;0;3;3;0;10;59;0.15;66.8911;2;22;1;21;0;8;1;1;6;0;0;0;0;10;0;1;0;0;1;1;10;8;21;2.25;3;18;1;13;1.25;0;3;10;9;9
jsweet;def.dom.SVGSVGElement;jsweet\sourcefiles\core-lib\es5\src\main\java\def\dom\SVGSVGElement.java;1;0;3;2;1;10;780;0.12;26.9673;3;184;183;3;0;194;382;5;182;0;0;0;0;230;0;5;0;0;1;1;230;194;595;17.41935;378;540;1;234;6.32258;0;108;196;195;195
jsweet;def.dom.SVGTextPathElement;jsweet\sourcefiles\core-lib\es5\src\main\java\def\dom\SVGTextPathElement.java;0;0;3;3;0;10;155;0.26;70.5936;3;9;7;2;0;5;10;6;4;0;0;0;0;16;0;6;0;0;1;1;16;5;33;8.5;14;17;1;20;3.5;0;4;7;6;6
jsweet;def.dom.TextEvent;jsweet\sourcefiles\core-lib\es5\src\main\java\def\dom\TextEvent.java;0;0;3;3;0;10;187;0.33;79.4921;2;5;2;3;0;2;2;3;1;0;0;0;0;16;0;3;0;0;1;1;16;2;26;5.5;8;11;1;19;2;0;3;4;3;3
jsweet;def.dom.WebGLObject;jsweet\sourcefiles\core-lib\es6\src\main\java\def\dom\WebGLObject.java;0;0;3;3;0;10;35;0.23;92.4436;2;7;1;6;0;1;1;1;0;0;0;0;0;2;0;1;6;6;1;1;2;1;5;3;3;3;1;5;3;0;3;3;2;2
jsweet;def.dom.WebGLTexture;jsweet\sourcefiles\core-lib\es6\src\main\java\def\dom\WebGLTexture.java;0;0;3;3;0;10;35;0.23;0;2;2;1;1;0;1;1;2;0;0;0;0;0;2;0;2;0;0;1;1;2;1;5;3;3;3;1;5;3;0;3;3;2;2
jsweet;def.dom.WindowSessionStorage;jsweet\sourcefiles\core-lib\es5\src\main\java\def\dom\WindowSessionStorage.java;0;0;3;3;0;10;10;0.07;0;3;3;2;1;0;0;2;1;0;0;0;0;0;1;0;1;0;0;0;0;1;0;4;1;1;1;1;4;1;0;1;1;0;0
jsweet;def.dom.XPathEvaluator;jsweet\sourcefiles\core-lib\es5\src\main\java\def\dom\XPathEvaluator.java;0;0;3;3;0;10;43;0.16;73.4746;2;5;5;0;0;5;10;1;4;0;0;0;0;6;0;1;0;0;1;1;6;5;17;3.75;6;15;1;9;1.75;0;3;7;6;6
jsweet;def.js.Float64Array;jsweet\sourcefiles\core-lib\es6\src\main\java\def\js\Float64Array.java;0;0;3;3;0;10;189;0.09;22.2045;7;8;8;0;0;63;30;1;51;0;0;0;0;69;0;2;0;0;1;1;69;63;182;6.25926;30;169;2;85;2.88889;0;21;78;64;64
jsweet;def.js.PropertyDescriptorMap;jsweet\sourcefiles\core-lib\es5\src\main\java\def\js\PropertyDescriptorMap.java;0;0;3;3;0;10;2;0.01;92.2002;3;2;2;1;0;1;2;1;1;0;0;0;0;1;0;1;0;0;0;0;1;1;5;1.5;2;3;1;4;1;0;1;2;1;1
jsweet;def.js.String;jsweet\sourcefiles\core-lib\es5\src\main\java\def\js\String.java;0;0;3;3;0;10;156;0.07;19.303;3;20;5;18;0;64;24;1;62;0;0;0;0;66;0;2;0;0;1;1;66;64;166;6.70833;36;161;2;72;2.875;0;10;69;65;65
jsweet;def.js.Uint8Array;jsweet\sourcefiles\core-lib\es5\src\main\java\def\js\Uint8Array.java;0;0;3;3;0;10;187;0.09;22.0884;7;13;8;5;0;62;30;1;50;0;0;0;0;68;0;2;0;0;1;1;68;62;179;6.38462;30;166;2;84;2.96154;0;21;77;63;63
jsweet;jsweet.util.Lang;jsweet\sourcefiles\core-lib\es5\src\main\java\jsweet\util\Lang.java;1;0;3;2;1;10;239;0.1;18.513;59;17;17;0;0;51;50;0;50;0;0;0;0;53;0;0;0;0;0;0;54;51;143;5.82609;30;134;0;66;2.6087;0;15;60;51;51
jsweet;org.jsweet.input.typescriptdef.parser.GenParser;jsweet\sourcefiles\candy-generator\src\main\java\org\jsweet\input\typescriptdef\parser\GenParser.java;0;0;3;3;0;10;0;0;71.9214;21;0;0;0;0;1;0;0;1;0;0;0;0;1;0;0;0;0;0;0;1;1;21;10;19;20;0;6;2.5;0;4;5;1;1
jsweet;org.jsweet.input.typescriptdef.visitor.TypeReferenceExpander;jsweet\sourcefiles\candy-generator\src\main\java\org\jsweet\input\typescriptdef\visitor\TypeReferenceExpander.java;2;2;1;2;2;8.68;17;0.01;46.4567;37;9;8;1;28;14;12;1;1;0;0;6;10;4;6;2;0;0;10;10;4;3;112;39;97;111;1;63;22;17;53;62;13;13
jsweet;org.jsweet.transpiler.extension.RemoveJavaDependenciesAdapter;jsweet\sourcefiles\transpiler\src\main\java\org\jsweet\transpiler\extension\RemoveJavaDependenciesAdapter.java;3;3;0;0;3;2.28;720;0.02;0;96;27;22;5;340;434;63;2;3;1;5;10;72;29;6;2;1;1;58;58;29;26;4044;162.28;567;4043;1;2444;98.08;327;355;2443;84;84
jsweet;org.jsweet.transpiler.GlobalBeforeTranslationScanner;jsweet\sourcefiles\transpiler\src\main\java\org\jsweet\transpiler\GlobalBeforeTranslationScanner.java;3;3;1;1;2;7.6;77;0.02;30.821;55;7;5;2;69;47;14;2;1;3;64;5;22;7;5;2;0;0;22;22;7;6;361;60.83333;249;360;1;189;32;24;121;188;28;28
jsweet;org.jsweet.transpiler.JSweetTranspiler;jsweet\sourcefiles\transpiler\src\main\java\org\jsweet\transpiler\JSweetTranspiler.java;1;2;1;0;3;4.07;600;0.02;0.2943;135;52;33;21;287;259;160;0;3;19;104;8;153;158;8;1;0;0;89;90;159;105;2683;29.04124;263;2641;1;1451;15.93814;92;142;1435;194;195
jsweet;org.jsweet.transpiler.model.support.CompilationUnitElementSupport;jsweet\sourcefiles\transpiler\src\main\java\org\jsweet\transpiler\model\support\CompilationUnitElementSupport.java;0;0;3;3;0;10;0;0;66.3237;32;4;2;2;0;3;1;1;0;0;0;0;1;3;0;3;0;0;1;1;3;3;17;5.66667;7;16;2;14;4.66667;0;6;13;4;4
jsweet;org.jsweet.transpiler.ModuleImportDescriptor;jsweet\sourcefiles\transpiler\src\main\java\org\jsweet\transpiler\ModuleImportDescriptor.java;0;0;3;3;0;10;0;0;55.8258;28;3;0;3;0;4;0;0;0;0;0;0;0;7;0;0;0;0;0;0;7;4;22;6;12;21;0;19;5.25;0;9;18;4;4
jsweet;org.jsweet.transpiler.util.ErrorCountTranspilationHandler;jsweet\sourcefiles\transpiler\src\main\java\org\jsweet\transpiler\util\ErrorCountTranspilationHandler.java;0;0;3;3;0;10;0;0;43.9543;30;11;3;8;3;10;3;1;1;0;0;1;3;11;1;2;0;0;3;3;11;7;54;9;33;53;1;35;5.57143;0;16;34;10;10
junit4;junit.extensions.RepeatedTest;junit4\sourcefiles\src\main\java\junit\extensions\RepeatedTest.java;0;0;3;3;0;10;0;0;53.3557;9;5;3;2;4;7;3;2;1;1;9;2;5;5;2;3;0;0;5;5;5;4;43;11;16;42;1;30;7.75;0;12;29;9;9
junit4;junit.extensions.TestDecorator;junit4\sourcefiles\src\main\java\junit\extensions\TestDecorator.java;0;0;3;3;0;10;0;0;56.6921;12;8;3;5;0;6;7;1;1;0;0;0;3;7;0;2;2;5;3;3;7;6;27;5;6;26;2;24;4.5;0;6;23;9;9
junit4;junit.framework.Assert;junit4\sourcefiles\src\main\java\junit\framework\Assert.java;0;0;3;3;0;9.75;108;0.02;21.5303;9;10;2;8;22;61;0;0;2;0;0;1;24;39;1;0;2;87;3;3;39;39;425;32.53846;235;423;0;181;13.76923;0;101;179;42;42
junit4;junit.framework.AssertionFailedError;junit4\sourcefiles\src\main\java\junit\framework\AssertionFailedError.java;0;1;3;3;0;10;0;0;66.4983;6;20;0;20;1;4;0;1;1;0;0;0;1;4;0;1;1;1;0;0;4;3;20;8.5;9;17;1;12;5;0;7;10;3;3
junit4;junit.framework.ComparisonCompactor;junit4\sourcefiles\src\main\java\junit\framework\ComparisonCompactor.java;1;1;2;3;1;10;0;0;40.2742;3;3;1;2;13;20;2;0;1;2;14;2;7;16;2;0;0;0;1;1;16;8;167;22.125;32;160;0;93;13.25;0;19;89;9;9
junit4;junit.framework.JUnit4TestAdapter;junit4\sourcefiles\src\main\java\junit\framework\JUnit4TestAdapter.java;0;0;3;3;0;10;0;0;43.9833;16;35;12;24;4;15;22;0;2;1;12;2;19;15;2;4;0;0;15;15;15;12;89;8.81818;23;88;4;72;7.27273;0;19;71;27;27
junit4;junit.framework.JUnit4TestCaseFacade;junit4\sourcefiles\src\main\java\junit\framework\JUnit4TestCaseFacade.java;0;0;3;3;0;10;20;0.03;59.4327;6;5;4;1;0;5;6;0;3;0;0;0;2;6;0;2;0;0;1;1;6;5;26;5.2;6;25;2;21;4.2;0;6;20;6;6
junit4;junit.framework.TestCase;junit4\sourcefiles\src\main\java\junit\framework\TestCase.java;0;0;2;3;0;9.75;9;0;18.6988;76;92;3;90;9;59;43;1;39;0;0;3;48;52;3;2;74;80;41;41;52;51;446;19.47826;174;445;2;246;10.78261;0;80;245;92;92
junit4;junit.framework.TestResult;junit4\sourcefiles\src\main\java\junit\framework\TestResult.java;0;0;3;3;0;10;4;0;32.0188;17;40;6;35;8;27;27;0;2;4;5;1;17;23;1;0;0;0;8;8;23;18;146;8.77778;19;145;0;113;6.94444;0;14;112;26;26
junit4;junit.textui.TestRunner;junit4\sourcefiles\src\main\java\junit\textui\TestRunner.java;0;0;3;3;0;9.75;136;0.04;29.9478;30;20;7;13;14;30;24;1;8;1;35;5;23;22;2;2;0;0;13;13;22;18;261;18.35714;97;254;1;157;11.14286;18;55;153;31;31
junit4;org.junit.Assume;junit4\sourcefiles\src\main\java\org\junit\Assume.java;0;0;3;3;0;10;5;0;37.2178;35;41;1;40;3;12;0;0;3;0;0;1;7;9;1;0;0;0;3;3;9;9;81;13.33333;23;80;0;43;7;0;12;42;12;12
junit4;org.junit.ComparisonFailure;junit4\sourcefiles\src\main\java\org\junit\ComparisonFailure.java;0;0;2;3;1;10;40;0.02;43.1458;12;4;2;3;13;24;2;1;0;2;14;0;9;8;0;1;0;0;2;1;9;4;191;7.25;11;25;1;115;5.75;0;8;19;6;5
junit4;org.junit.experimental.categories.Categories;junit4\sourcefiles\src\main\java\org\junit\experimental\categories\Categories.java;1;1;2;1;1;9.12;14;0;35.2235;81;37;8;30;55;68;30;3;5;8;9;2;37;10;2;6;0;0;13;10;13;10;468;16.1;30;161;1;283;9.6;0;20;96;23;20
junit4;org.junit.experimental.categories.CategoryFilterFactory;junit4\sourcefiles\src\main\java\org\junit\experimental\categories\CategoryFilterFactory.java;0;0;3;3;0;10;0;0;55.6517;14;9;5;4;2;5;5;0;1;1;8;1;5;3;1;1;3;3;3;3;3;3;33;10.66667;16;32;1;25;8;0;12;24;6;6
junit4;org.junit.experimental.categories.CategoryValidator;junit4\sourcefiles\src\main\java\org\junit\experimental\categories\CategoryValidator.java;0;0;3;3;0;10;1;0;51.8414;27;3;2;1;6;5;2;1;1;2;14;3;2;3;3;1;0;0;1;1;3;2;53;12;24;36;1;31;8.66667;0;19;26;3;3
junit4;org.junit.experimental.max.CouldNotReadCoreException;junit4\sourcefiles\src\main\java\org\junit\experimental\max\CouldNotReadCoreException.java;0;0;3;3;0;10;0;0;71.7327;6;1;0;1;0;1;0;1;0;0;0;0;0;2;0;1;0;0;0;0;2;1;7;4;4;4;1;5;3;0;3;3;1;1
junit4;org.junit.experimental.max.MaxCore;junit4\sourcefiles\src\main\java\org\junit\experimental\max\MaxCore.java;0;1;3;2;1;9.87;32;0.01;33.006;32;14;12;2;16;25;38;0;2;2;6;2;31;15;2;0;0;0;18;18;15;13;201;20;47;198;0;138;13.8;0;29;136;31;31
junit4;org.junit.experimental.max.MaxHistory;junit4\sourcefiles\src\main\java\org\junit\experimental\max\MaxHistory.java;0;1;2;2;0;10;33;0.01;37.903;26;8;7;3;8;24;19;0;5;0;0;3;14;15;3;1;0;0;2;3;17;11;177;9.54545;24;98;1;131;7.09091;0;19;74;13;14
junit4;org.junit.experimental.results.PrintableResult;junit4\sourcefiles\src\main\java\org\junit\experimental\results\PrintableResult.java;0;0;3;3;0;10;0;0;51.7859;22;35;6;29;0;6;6;0;2;0;0;0;10;7;0;0;0;0;7;7;7;6;43;11;15;42;0;31;8;0;9;30;13;13
junit4;org.junit.experimental.results.ResultMatchers;junit4\sourcefiles\src\main\java\org\junit\experimental\results\ResultMatchers.java;0;0;2;3;0;10;5;0;32.2046;16;25;1;24;1;11;6;0;2;0;0;1;5;4;1;0;0;0;1;1;4;4;73;14.4;24;72;0;47;9.2;0;15;46;5;5
junit4;org.junit.experimental.runners.Enclosed;junit4\sourcefiles\src\main\java\org\junit\experimental\runners\Enclosed.java;0;1;3;3;0;9.75;1;0;58.5229;26;9;2;7;3;4;2;3;1;1;9;2;2;2;2;6;0;0;1;1;2;2;29;14;20;28;1;20;9.5;0;14;19;3;3
junit4;org.junit.experimental.theories.internal.AllMembersSupplier;junit4\sourcefiles\src\main\java\org\junit\experimental\theories\internal\AllMembersSupplier.java;1;1;2;3;1;9.5;103;0.02;34.7284;23;13;9;5;40;46;43;1;1;9;28;4;30;16;4;1;1;1;14;16;17;15;310;17.53333;44;259;1;204;11.66667;7;30;171;29;31
junit4;org.junit.experimental.theories.internal.BooleanSupplier;junit4\sourcefiles\src\main\java\org\junit\experimental\theories\internal\BooleanSupplier.java;0;0;3;3;0;10;0;0;31.0853;10;4;3;1;0;1;5;1;0;0;0;0;1;1;0;1;0;0;1;1;1;1;17;8;15;16;1;9;4;0;7;8;2;2
junit4;org.junit.experimental.theories.ParameterSignature;junit4\sourcefiles\src\main\java\org\junit\experimental\theories\ParameterSignature.java;0;1;2;3;0;10;12;0;34.253;13;19;0;19;15;28;0;0;4;3;16;2;9;19;2;0;0;0;0;0;19;16;227;17.61538;55;223;0;125;9.84615;0;28;122;16;16
junit4;org.junit.experimental.theories.suppliers.TestedOnSupplier;junit4\sourcefiles\src\main\java\org\junit\experimental\theories\suppliers\TestedOnSupplier.java;0;0;3;3;0;10;1;0;74.3102;10;4;3;1;1;2;5;1;0;1;10;1;3;1;1;1;0;0;3;3;1;1;22;10.5;20;21;1;16;7.5;0;14;15;4;4
junit4;org.junit.experimental.theories.Theories;junit4\sourcefiles\src\main\java\org\junit\experimental\theories\Theories.java;2;2;1;2;2;9.87;4;0;34.253;21;96;14;82;47;53;41;3;1;5;24;3;49;9;3;6;1;1;16;31;10;9;396;24.11111;50;217;1;253;13.55556;0;26;122;25;40
junit4;org.junit.internal.ArrayComparisonFailure;junit4\sourcefiles\src\main\java\org\junit\internal\ArrayComparisonFailure.java;0;0;3;3;0;10;16;0.01;65.0044;13;3;0;3;2;6;0;1;1;1;8;1;2;7;1;1;0;0;0;0;7;4;52;13;30;49;1;38;9.5;0;22;36;4;4
junit4;org.junit.internal.AssumptionViolatedException;junit4\sourcefiles\src\main\java\org\junit\internal\AssumptionViolatedException.java;0;1;3;3;0;10;40;0.03;47.3894;18;33;0;33;7;12;0;1;1;0;0;2;1;12;2;2;1;1;0;0;12;7;84;28;48;80;2;47;16;0;23;44;7;7
junit4;org.junit.internal.builders.AnnotatedBuilder;junit4\sourcefiles\src\main\java\org\junit\internal\builders\AnnotatedBuilder.java;0;1;2;3;0;10;0;0;51.8459;8;4;3;1;4;6;7;1;1;0;0;2;3;5;2;1;0;0;2;2;5;3;60;19.33333;35;57;1;38;12.33333;0;21;36;5;5
junit4;org.junit.internal.builders.IgnoredBuilder;junit4\sourcefiles\src\main\java\org\junit\internal\builders\IgnoredBuilder.java;0;0;3;3;0;10;0;0;69.6371;7;4;3;1;1;2;2;1;1;0;0;1;1;1;1;1;0;0;1;1;1;1;17;8;15;16;1;10;4.5;0;8;9;2;2
junit4;org.junit.internal.builders.IgnoredClassRunner;junit4\sourcefiles\src\main\java\org\junit\internal\builders\IgnoredClassRunner.java;0;0;3;3;0;10;0;0;65.1789;7;4;3;1;0;3;4;1;1;0;0;0;3;4;0;2;0;0;2;2;4;3;19;6.33333;7;18;1;16;5.33333;0;6;15;5;5
junit4;org.junit.internal.builders.JUnit3Builder;junit4\sourcefiles\src\main\java\org\junit\internal\builders\JUnit3Builder.java;0;0;3;3;0;10;0;0;65.3914;7;5;4;1;1;3;3;1;1;0;0;1;2;2;1;1;0;0;1;1;2;2;20;6.33333;11;19;1;14;4.33333;0;8;13;3;3
junit4;org.junit.internal.builders.JUnit4Builder;junit4\sourcefiles\src\main\java\org\junit\internal\builders\JUnit4Builder.java;0;0;3;3;0;10;0;0;77.467;7;4;3;1;0;1;2;1;1;0;0;0;1;1;0;1;0;0;1;1;1;1;8;3.5;6;7;1;6;2.5;0;4;5;2;2
junit4;org.junit.internal.builders.SuiteMethodBuilder;junit4\sourcefiles\src\main\java\org\junit\internal\builders\SuiteMethodBuilder.java;0;0;3;3;0;10;0;0;60.1543;7;5;3;2;2;4;2;1;1;0;0;1;2;2;1;1;0;0;1;1;2;2;27;8.66667;14;26;1;19;6;0;9;18;3;3
junit4;org.junit.internal.Classes;junit4\sourcefiles\src\main\java\org\junit\internal\Classes.java;1;2;3;3;1;10;5;0.02;43.2975;8;3;0;3;0;1;0;0;0;0;0;0;0;1;0;0;0;0;0;0;1;1;12;5.5;10;11;0;8;3.5;0;6;7;1;1
junit4;org.junit.internal.ExactComparisonCriteria;junit4\sourcefiles\src\main\java\org\junit\internal\ExactComparisonCriteria.java;0;0;3;3;0;10;0;0;68.2869;5;2;2;1;0;1;2;1;1;0;0;0;1;1;0;1;0;0;1;1;1;1;9;4;7;8;1;6;2.5;0;4;5;2;2
junit4;org.junit.internal.MethodSorter;junit4\sourcefiles\src\main\java\org\junit\internal\MethodSorter.java;0;0;3;3;0;10;10;0.01;77.9128;9;7;0;7;9;10;0;0;0;0;0;1;5;5;1;0;0;0;2;2;5;3;83;11.33333;18;34;0;55;7.33333;0;11;22;5;5
junit4;org.junit.internal.runners.InitializationError;junit4\sourcefiles\src\main\java\org\junit\internal\runners\InitializationError.java;0;0;3;2;0;10;15;0.03;62.0911;11;3;0;3;0;4;0;1;0;0;0;0;2;6;0;1;0;0;0;0;6;4;24;10.5;17;20;1;18;8;0;12;15;4;4
junit4;org.junit.internal.runners.JUnit38ClassRunner;junit4\sourcefiles\src\main\java\org\junit\internal\runners\JUnit38ClassRunner.java;0;1;2;3;1;10;15;0;34.188;23;26;18;8;25;37;67;1;1;2;16;4;39;13;3;4;1;2;21;25;14;12;277;19.36364;73;212;3;191;13.18182;15;47;144;33;37
junit4;org.junit.internal.runners.MethodRoadie;junit4\sourcefiles\src\main\java\org\junit\internal\runners\MethodRoadie.java;2;1;1;3;1;10;66;0.02;38.5168;26;11;7;4;27;32;13;0;1;2;17;4;25;13;3;0;0;0;14;14;13;9;218;25.22222;54;216;0;165;19.33333;9;38;163;23;23
junit4;org.junit.internal.runners.model.MultipleFailureException;junit4\sourcefiles\src\main\java\org\junit\internal\runners\model\MultipleFailureException.java;0;0;3;3;0;10;20;0.07;78.2994;6;1;1;1;0;1;1;2;0;0;0;0;1;2;0;2;0;0;1;1;2;1;8;4;4;4;1;6;3;0;3;3;2;2
junit4;org.junit.internal.runners.statements.ExpectException;junit4\sourcefiles\src\main\java\org\junit\internal\runners\statements\ExpectException.java;0;1;2;3;0;10;25;0.03;52.39;6;3;2;1;5;6;5;1;1;0;0;2;1;4;2;1;0;0;1;1;4;2;52;26.5;44;51;1;34;17.5;0;28;33;3;3
junit4;org.junit.internal.runners.statements.Fail;junit4\sourcefiles\src\main\java\org\junit\internal\runners\statements\Fail.java;0;0;3;3;0;10;0;0;70.0343;5;2;1;1;0;2;1;1;1;0;0;0;0;3;0;1;0;0;0;0;3;2;11;5.5;6;10;1;10;5;0;5;9;2;2
junit4;org.junit.internal.runners.statements.InvokeMethod;junit4\sourcefiles\src\main\java\org\junit\internal\runners\statements\InvokeMethod.java;0;0;3;3;0;10;0;0;68.0208;6;3;2;1;0;2;4;1;1;0;0;0;1;4;0;1;0;0;1;1;4;2;14;7.5;9;13;1;12;6.5;0;7;11;3;3
junit4;org.junit.internal.runners.statements.RunAfters;junit4\sourcefiles\src\main\java\org\junit\internal\runners\statements\RunAfters.java;0;0;2;3;0;10;1;0;54.7604;10;5;3;2;4;5;9;1;1;1;12;3;3;5;3;1;0;0;3;3;5;2;38;20;28;37;1;31;16.5;0;24;30;5;5
junit4;org.junit.internal.runners.TestClass;junit4\sourcefiles\src\main\java\org\junit\internal\runners\TestClass.java;0;0;3;3;0;10;32;0.01;38.7812;23;5;1;4;18;25;1;0;1;5;17;3;6;13;3;0;0;0;1;1;13;12;148;13.63636;55;146;0;101;9.36;0;34;99;13;13
junit4;org.junit.internal.runners.TestMethod;junit4\sourcefiles\src\main\java\org\junit\internal\runners\TestMethod.java;0;0;3;3;0;10;12;0.01;47.181;20;4;2;2;4;12;4;0;1;0;0;1;4;11;1;0;0;0;3;3;11;9;84;9.77778;21;82;0;55;6.56;0;12;53;12;12
junit4;org.junit.internal.TextListener;junit4\sourcefiles\src\main\java\org\junit\internal\TextListener.java;0;1;3;3;0;10;0;0;39.1336;12;8;5;3;8;17;11;1;1;1;7;1;15;13;1;1;0;0;8;8;13;12;158;14.63636;44;157;1;99;9.27;0;24;98;20;20
junit4;org.junit.rules.ExternalResource;junit4\sourcefiles\src\main\java\org\junit\rules\ExternalResource.java;1;0;3;3;0;10;20;0.03;54.7604;37;10;3;7;0;5;7;0;1;0;0;2;5;4;2;1;3;3;1;1;4;4;28;5.4;16;27;1;24;4.6;0;14;23;5;5
junit4;org.junit.rules.Stopwatch;junit4\sourcefiles\src\main\java\org\junit\rules\Stopwatch.java;1;0;3;3;0;10;30;0.02;39.3864;76;8;3;5;0;17;12;1;4;0;0;0;8;19;0;2;1;1;0;0;19;17;103;8.07692;13;102;1;71;5.62;0;9;70;17;17
junit4;org.junit.rules.TemporaryFolder;junit4\sourcefiles\src\main\java\org\junit\rules\TemporaryFolder.java;0;1;2;2;0;10;22;0.01;35.0634;29;21;1;20;10;23;1;1;1;2;12;2;8;17;2;2;0;0;0;0;17;15;140;12.90909;40;139;1;92;8.55;0;24;91;15;15
junit4;org.junit.rules.TestName;junit4\sourcefiles\src\main\java\org\junit\rules\TestName.java;0;0;3;3;0;10;0;0;67.3694;27;12;2;10;0;2;2;1;1;0;0;0;1;3;0;2;0;0;1;1;3;2;12;4;7;11;1;11;3.67;0;6;10;3;3
junit4;org.junit.rules.TestWatcher;junit4\sourcefiles\src\main\java\org\junit\rules\TestWatcher.java;0;1;3;3;0;10;1;0;40.0192;46;33;5;28;9;19;19;0;1;0;0;2;13;11;2;1;14;15;2;2;11;11;108;8.91667;32;107;1;77;6.33;0;25;76;13;13
junit4;org.junit.runner.Description;junit4\sourcefiles\src\main\java\org\junit\runner\Description.java;0;0;3;3;0;9.75;42;0.01;25.1371;30;179;0;179;14;40;0;0;7;2;10;2;10;36;2;1;0;0;0;0;36;27;274;13.09524;39;259;1;170;8.43;0;21;164;27;27
junit4;org.junit.runner.FilterFactories;junit4\sourcefiles\src\main\java\org\junit\runner\FilterFactories.java;1;1;2;3;0;10;10;0.01;43.0408;11;8;6;2;4;8;12;0;1;0;0;1;7;5;1;0;0;0;4;4;5;5;78;19.25;33;77;0;49;12;0;23;48;9;9
junit4;org.junit.runner.FilterFactoryParams;junit4\sourcefiles\src\main\java\org\junit\runner\FilterFactoryParams.java;0;0;3;3;0;10;0;0;66.296;3;8;0;8;1;3;0;0;0;0;0;1;0;3;1;0;0;0;0;0;3;2;16;8;12;15;0;12;6;0;8;11;2;2
junit4;org.junit.runner.JUnitCore;junit4\sourcefiles\src\main\java\org\junit\runner\JUnitCore.java;0;0;3;3;0;10;0;0;35.5279;24;72;13;60;1;14;27;0;2;0;0;1;30;14;1;0;0;0;17;17;14;13;114;13;46;113;0;78;8.78;0;35;77;30;30
junit4;org.junit.runner.manipulation.Filter;junit4\sourcefiles\src\main\java\org\junit\runner\manipulation\Filter.java;0;1;2;3;1;10;0;0;44.9214;17;45;3;42;11;20;11;0;5;1;8;3;11;6;3;0;14;16;5;5;6;5;109;14;35;84;0;78;9.83;0;28;59;10;10
junit4;org.junit.runner.manipulation.Sorter;junit4\sourcefiles\src\main\java\org\junit\runner\manipulation\Sorter.java;0;1;3;3;0;10;5;0.01;56.387;13;9;2;7;1;5;12;0;2;0;0;1;3;5;1;1;0;0;1;1;5;3;34;7.66667;10;22;1;22;5.33;0;6;15;4;4
junit4;org.junit.runner.notification.RunListener;junit4\sourcefiles\src\main\java\org\junit\runner\notification\RunListener.java;0;0;3;3;0;10;155;0.18;48.8303;52;48;3;46;0;7;7;0;7;0;0;0;0;7;0;0;21;24;0;0;8;7;31;2.75;3;22;0;19;1.88;0;2;15;7;7
junit4;org.junit.runner.notification.RunNotifier;junit4\sourcefiles\src\main\java\org\junit\runner\notification\RunNotifier.java;0;2;2;1;1;10;25;0.01;31.9196;21;45;7;39;12;33;40;0;7;2;15;3;22;15;3;0;0;0;9;9;16;13;194;11.85714;20;158;0;136;8;0;15;108;22;22
junit4;org.junit.runner.notification.StoppedByUserException;junit4\sourcefiles\src\main\java\org\junit\runner\notification\StoppedByUserException.java;0;0;3;3;0;10;0;0;0;10;3;0;3;0;0;0;1;0;0;0;0;0;1;0;1;0;0;0;0;1;0;4;1;1;1;1;3;1;0;1;1;0;0
junit4;org.junit.runner.notification.SynchronizedRunListener;junit4\sourcefiles\src\main\java\org\junit\runner\notification\SynchronizedRunListener.java;0;0;3;3;0;10;0;0;41.697;23;7;4;3;2;13;11;1;1;0;0;1;7;13;1;1;0;0;7;7;13;11;93;9.81818;22;91;1;66;7.36;0;13;64;18;18
junit4;org.junit.runner.Runner;junit4\sourcefiles\src\main\java\org\junit\runner\Runner.java;0;0;3;3;0;10;0;0;71.737;22;60;3;57;0;3;3;0;2;0;0;0;2;3;0;1;10;29;1;1;3;3;10;2.25;5;9;1;9;2;0;5;8;4;4
junit4;org.junit.runners.BlockJUnit4ClassRunner;junit4\sourcefiles\src\main\java\org\junit\runners\BlockJUnit4ClassRunner.java;0;0;3;2;0;10;46;0.01;21.6237;55;36;18;18;21;53;70;2;1;1;9;2;59;34;2;5;7;8;29;29;34;33;394;11.90909;34;393;1;253;7.64;0;30;252;62;62
junit4;org.junit.runners.model.FrameworkField;junit4\sourcefiles\src\main\java\org\junit\runners\model\FrameworkField.java;0;0;3;3;0;10;0;0;45.603;14;11;1;10;1;11;1;1;1;0;0;1;2;11;1;2;0;0;0;0;11;10;60;6.6;13;59;1;53;5.9;0;8;52;10;10
junit4;org.junit.runners.model.RunnerBuilder;junit4\sourcefiles\src\main\java\org\junit\runners\model\RunnerBuilder.java;0;0;3;3;0;10;22;0.02;44.3252;39;19;3;16;5;11;8;0;1;1;9;2;8;8;2;0;8;8;2;2;8;7;72;12.16667;36;71;0;51;8.5;0;26;50;9;9
junit4;org.junit.runners.model.TestTimedOutException;junit4\sourcefiles\src\main\java\org\junit\runners\model\TestTimedOutException.java;0;0;3;3;0;10;0;0;54.6315;11;4;0;4;0;3;0;1;0;0;0;0;0;6;0;1;0;0;0;0;6;3;23;7.33333;14;20;1;18;6;0;10;16;3;3
junit4;org.junit.runners.parameterized.BlockJUnit4ClassRunnerWithParameters;junit4\sourcefiles\src\main\java\org\junit\runners\parameterized\BlockJUnit4ClassRunnerWithParameters.java;1;1;2;2;1;9.87;105;0.03;33.6582;19;10;9;1;21;24;11;3;2;3;29;4;21;14;3;6;0;0;16;16;14;12;233;19.58333;83;232;1;141;11.92;3;37;140;28;28
junit4;org.junit.runners.parameterized.BlockJUnit4ClassRunnerWithParametersFactory;junit4\sourcefiles\src\main\java\org\junit\runners\parameterized\BlockJUnit4ClassRunnerWithParametersFactory.java;0;0;3;3;0;10;0;0;77.467;12;6;5;1;0;1;3;0;1;0;0;0;1;1;0;1;0;0;1;1;1;1;7;3;5;6;1;5;2;0;3;4;2;2
junit4;org.junit.runners.parameterized.TestWithParameters;junit4\sourcefiles\src\main\java\org\junit\runners\parameterized\TestWithParameters.java;0;0;3;3;0;10;0;0;42.9283;17;7;1;6;5;14;4;0;2;0;0;1;4;11;1;0;0;0;3;3;11;8;104;14.375;36;103;0;62;9.13;0;22;61;11;11
junit4;org.junit.validator.AnnotationsValidator;junit4\sourcefiles\src\main\java\org\junit\validator\AnnotationsValidator.java;1;1;2;2;1;10;7;0;54.1373;21;13;11;2;5;15;25;0;1;3;16;1;15;2;1;1;0;0;1;7;6;1;118;7.5;14;15;1;85;5.5;0;10;11;2;8
junit4;org.junit.validator.AnnotationValidator;junit4\sourcefiles\src\main\java\org\junit\validator\AnnotationValidator.java;0;0;3;3;0;10;0;0;54.8312;20;15;3;12;0;3;3;0;3;0;0;0;0;4;0;0;4;4;0;0;4;3;23;4.75;6;19;0;13;2.5;0;3;10;3;3