projectname;packageandclass;path;Readability;Understandability;Complexity_inv;Modularization_inv;Overall;codehealth_old;code_health;TD_time;TD_ratio
aoi;artofillusion.animation.ActorEditorWindow;aoi\sourcefiles\ArtOfIllusion\src\artofillusion\animation\ActorEditorWindow.java;1;2;2;1;2;9.15;8.99;242;0.022
aoi;artofillusion.animation.AnimationPreviewer;aoi\sourcefiles\ArtOfIllusion\src\artofillusion\animation\AnimationPreviewer.java;2;2;1;1;3;8.89;8.73;354;0.047
aoi;artofillusion.animation.distortion.CustomDistortion;aoi\sourcefiles\ArtOfIllusion\src\artofillusion\animation\distortion\CustomDistortion.java;1;3;1;1;2;9.15;8.96;25;0.009
aoi;artofillusion.animation.FilterParameterTrack;aoi\sourcefiles\ArtOfIllusion\src\artofillusion\animation\FilterParameterTrack.java;1;2;1;0;2;9.37;9.24;144;0.016
aoi;artofillusion.animation.IKTrack;aoi\sourcefiles\ArtOfIllusion\src\artofillusion\animation\IKTrack.java;1;2;1;0;2;9.87;9.84;264;0.024
aoi;artofillusion.animation.NullKeyframe;aoi\sourcefile.s\ArtOfIllusion\src\artofillusion\animation\NullKeyframe.java;0;1;3;3;0;9.50;9.39;20;0.015
aoi;artofillusion.animation.PositionTrack;aoi\sourcefiles\ArtOfIllusion\src\artofillusion\animation\PositionTrack.java;2;0;1;1;2;7.54;7.23;194;0.013
aoi;artofillusion.animation.Skeleton;aoi\sourcefiles\ArtOfIllusion\src\artofillusion\animation\Skeleton.java;2;3;0;0;3;7.41;7.34;242;0.017
aoi;artofillusion.animation.SkeletonTool;aoi\sourcefiles\ArtOfIllusion\src\artofillusion\animation\SkeletonTool.java;1;2;1;0;2;7.51;6.33;168;0.016
aoi;artofillusion.animation.VerticalAxis;aoi\sourcefiles\ArtOfIllusion\src\artofillusion\animation\VerticalAxis.java;1;2;2;2;1;9.68;9.68;12;0.005
aoi;artofillusion.ApplicationPreferences;aoi\sourcefiles\ArtOfIllusion\src\artofillusion\ApplicationPreferences.java;2;2;2;2;2;9.25;9.10;38;0.004
aoi;artofillusion.CreateCubeTool;aoi\sourcefiles\ArtOfIllusion\src\artofillusion\CreateCubeTool.java;1;2;1;1;2;9.87;9.84;86;0.028
aoi;artofillusion.CreateCylinderTool;aoi\sourcefiles\ArtOfIllusion\src\artofillusion\CreateCylinderTool.java;0;1;2;2;1;9.87;9.84;71;0.021
aoi;artofillusion.CreateVertexTool;aoi\sourcefiles\ArtOfIllusion\src\artofillusion\CreateVertexTool.java;1;2;0;1;3;7.91;6.72;166;0.023
aoi;artofillusion.CurveViewer;aoi\sourcefiles\ArtOfIllusion\src\artofillusion\CurveViewer.java;2;2;0;1;2;8.35;7.84;143;0.024
aoi;artofillusion.image.ImageOrColor;aoi\sourcefiles\ArtOfIllusion\src\artofillusion\image\ImageOrColor.java;0;1;2;2;1;9.75;9.69;10;0.003
aoi;artofillusion.image.ImageSaver;aoi\sourcefiles\ArtOfIllusion\src\artofillusion\image\ImageSaver.java;2;2;1;0;2;7.86;7.87;131;0.016
aoi;artofillusion.keystroke.KeystrokeEditor;aoi\sourcefiles\ArtOfIllusion\src\artofillusion\keystroke\KeystrokeEditor.java;1;1;3;2;1;10.00;10.00;77;0.03
aoi;artofillusion.keystroke.KeystrokePreferencesPanel;aoi\sourcefiles\ArtOfIllusion\src\artofillusion\keystroke\KeystrokePreferencesPanel.java;1;1;2;2;2;10.00;10.00;110;0.023
aoi;artofillusion.material.Material3D;aoi\sourcefiles\ArtOfIllusion\src\artofillusion\material\Material3D.java;0;0;3;3;0;10.00;10.00;20;0.067
aoi;artofillusion.material.MaterialMapping;aoi\sourcefiles\ArtOfIllusion\src\artofillusion\material\MaterialMapping.java;0;0;3;3;0;10.00;10.00;5;0.004
aoi;artofillusion.math.Cells;aoi\sourcefiles\ArtOfIllusion\src\artofillusion\math\Cells.java;2;3;0;0;3;7.90;7.92;183;0.031
aoi;artofillusion.math.Mat4;aoi\sourcefiles\ArtOfIllusion\src\artofillusion\math\Mat4.java;1;3;0;1;2;9.11;8.95;40;0.006
aoi;artofillusion.MoveScaleRotateObjectTool;aoi\sourcefiles\ArtOfIllusion\src\artofillusion\MoveScaleRotateObjectTool.java;1;2;1;1;3;7.03;6.73;201;0.015
aoi;artofillusion.object.ImplicitObject;aoi\sourcefiles\ArtOfIllusion\src\artofillusion\object\ImplicitObject.java;1;3;0;0;3;7.49;7.43;252;0.015
aoi;artofillusion.object.MeshVertex;aoi\sourcefiles\ArtOfIllusion\src\artofillusion\object\MeshVertex.java;1;3;1;2;1;10.00;10.00;30;0.024
aoi;artofillusion.object.ReferenceImage;aoi\sourcefiles\ArtOfIllusion\src\artofillusion\object\ReferenceImage.java;2;2;2;1;1;10.00;10.00;42;0.012
aoi;artofillusion.ObjectPropertiesPanel;aoi\sourcefiles\ArtOfIllusion\src\artofillusion\ObjectPropertiesPanel.java;1;2;1;0;3;6.78;6.44;276;0.018
aoi;artofillusion.ObjectViewer;aoi\sourcefiles\ArtOfIllusion\src\artofillusion\ObjectViewer.java;1;2;0;0;1;7.99;8.02;104;0.009
aoi;artofillusion.procedural.AbsModule;aoi\sourcefiles\ArtOfIllusion\src\artofillusion\procedural\AbsModule.java;0;0;3;3;0;10.00;10.00;22;0.019
aoi;artofillusion.procedural.ClipModule;aoi\sourcefiles\ArtOfIllusion\src\artofillusion\procedural\ClipModule.java;1;1;3;2;0;10.00;10.00;37;0.011
aoi;artofillusion.procedural.ColorDarkenModule;aoi\sourcefiles\ArtOfIllusion\src\artofillusion\procedural\ColorDarkenModule.java;2;2;3;2;1;10.00;10.00;14;0.008
aoi;artofillusion.procedural.ColorLightenModule;aoi\sourcefiles\ArtOfIllusion\src\artofillusion\procedural\ColorLightenModule.java;1;1;2;2;1;10.00;10.00;14;0.008
aoi;artofillusion.procedural.ColorScaleModule;aoi\sourcefiles\ArtOfIllusion\src\artofillusion\procedural\ColorScaleModule.java;1;1;2;3;1;10.00;10.00;12;0.01
aoi;artofillusion.procedural.ColorSumModule;aoi\sourcefiles\ArtOfIllusion\src\artofillusion\procedural\ColorSumModule.java;0;1;2;3;1;10.00;10.00;12;0.009
aoi;artofillusion.procedural.MaxModule;aoi\sourcefiles\ArtOfIllusion\src\artofillusion\procedural\MaxModule.java;1;2;2;2;2;9.73;9.66;82;0.036
aoi;artofillusion.procedural.NumberModule;aoi\sourcefiles\ArtOfIllusion\src\artofillusion\procedural\NumberModule.java;1;1;3;2;1;10.00;10.00;30;0.013
aoi;artofillusion.procedural.RGBModule;aoi\sourcefiles\ArtOfIllusion\src\artofillusion\procedural\RGBModule.java;1;1;3;3;0;10.00;10.00;12;0.011
aoi;artofillusion.raytracer.PhotonMap;aoi\sourcefiles\Renderers\src\artofillusion\raytracer\PhotonMap.java;2;2;0;0;3;3.45;3.27;480;0.02
aoi;artofillusion.raytracer.RTDirectionalLight;aoi\sourcefiles\Renderers\src\artofillusion\raytracer\RTDirectionalLight.java;0;1;2;3;0;10.00;10.00;0;0
aoi;artofillusion.raytracer.RTEllipsoid;aoi\sourcefiles\Renderers\src\artofillusion\raytracer\RTEllipsoid.java;1;2;0;1;2;7.33;7.25;72;0.006
aoi;artofillusion.raytracer.RTTriangleLowMemory;aoi\sourcefiles\Renderers\src\artofillusion\raytracer\RTTriangleLowMemory.java;1;3;1;0;3;6.69;6.07;105;0.01
aoi;artofillusion.RotateObjectTool;aoi\sourcefiles\ArtOfIllusion\src\artofillusion\RotateObjectTool.java;2;2;1;1;2;8.23;8.21;220;0.027
aoi;artofillusion.Scene;aoi\sourcefiles\ArtOfIllusion\src\artofillusion\Scene.java;1;3;1;0;3;3.88;4.08;720;0.021
aoi;artofillusion.SceneChangedEvent;aoi\sourcefiles\ArtOfIllusion\src\artofillusion\SceneChangedEvent.java;0;0;3;3;0;10.00;10.00;0;0
aoi;artofillusion.SceneViewer;aoi\sourcefiles\ArtOfIllusion\src\artofillusion\SceneViewer.java;1;2;1;1;3;5.71;5.03;440;0.026
aoi;artofillusion.script.ScriptedObjectController;aoi\sourcefiles\ArtOfIllusion\src\artofillusion\script\ScriptedObjectController.java;0;1;2;3;1;10.00;10.00;5;0.002
aoi;artofillusion.SplineMeshEditorWindow;aoi\sourcefiles\ArtOfIllusion\src\artofillusion\SplineMeshEditorWindow.java;2;3;0;0;3;3.42;3.48;1020;0.035
aoi;artofillusion.spmanager.HttpSPMFileSystem;aoi\sourcefiles\SPManager\src\artofillusion\spmanager\HttpSPMFileSystem.java;3;2;1;0;3;5.44;5.26;1200;0.049
aoi;artofillusion.spmanager.InstallSplitPane;aoi\sourcefiles\SPManager\src\artofillusion\spmanager\InstallSplitPane.java;1;3;1;0;2;5.89;5.54;840;0.045
aoi;artofillusion.spmanager.SPManagerPlugin;aoi\sourcefiles\SPManager\src\artofillusion\spmanager\SPManagerPlugin.java;2;2;0;0;2;4.85;4.53;1440;0.084
aoi;artofillusion.spmanager.SPManagerUtils;aoi\sourcefiles\SPManager\src\artofillusion\spmanager\SPManagerUtils.java;2;1;1;1;2;7.32;7.24;480;0.059
aoi;artofillusion.spmanager.SPMFileSystem;aoi\sourcefiles\SPManager\src\artofillusion\spmanager\SPMFileSystem.java;0;1;3;3;1;9.75;9.69;1452;0.086
aoi;artofillusion.spmanager.SPMTranslate;aoi\sourcefiles\SPManager\src\artofillusion\spmanager\SPMTranslate.java;1;1;2;2;1;9.25;9.10;526;0.015
aoi;artofillusion.texture.FaceVertexParameterValue;aoi\sourcefiles\ArtOfIllusion\src\artofillusion\texture\FaceVertexParameterValue.java;1;1;1;2;1;8.81;8.66;50;0.011
aoi;artofillusion.texture.UniformTexture;aoi\sourcefiles\ArtOfIllusion\src\artofillusion\texture\UniformTexture.java;1;1;2;2;1;9.29;9.15;131;0.02
aoi;artofillusion.tools.ArraySpec;aoi\sourcefiles\Tools\src\artofillusion\tools\ArraySpec.java;1;3;1;0;2;7.85;7.848135;434;0.045
aoi;artofillusion.TransformPointsDialog;aoi\sourcefiles\ArtOfIllusion\src\artofillusion\TransformPointsDialog.java;0;1;3;2;1;10.00;10.00;30;0.011
aoi;artofillusion.translators.OBJImporter;aoi\sourcefiles\Translators\src\artofillusion\translators\OBJImporter.java;2;3;0;0;3;4.75;4.57;1320;0.071
aoi;artofillusion.translators.POVExporter;aoi\sourcefiles\Translators\src\artofillusion\translators\POVExporter.java;2;3;1;0;3;4.69;4.75;960;0.059
aoi;artofillusion.translators.TextureImageExporter;aoi\sourcefiles\Translators\src\artofillusion\translators\TextureImageExporter.java;1;2;1;2;2;7.61;7.57;167;0.039
aoi;artofillusion.TriMeshSelectionUtilities;aoi\sourcefiles\ArtOfIllusion\src\artofillusion\TriMeshSelectionUtilities.java;1;2;1;1;2;7.00;6.48;600;0.085
aoi;artofillusion.TriMeshSimplifier;aoi\sourcefiles\ArtOfIllusion\src\artofillusion\TriMeshSimplifier.java;2;2;0;0;3;4.11;3.87;8;0.023
aoi;artofillusion.TubeEditorWindow;aoi\sourcefiles\ArtOfIllusion\src\artofillusion\TubeEditorWindow.java;2;3;0;0;3;7.18;7.09;381;0.034
aoi;artofillusion.ui.DefaultDockableWidget;aoi\sourcefiles\ArtOfIllusion\src\artofillusion\ui\DefaultDockableWidget.java;1;1;3;3;1;10.00;10.00;0;0
aoi;artofillusion.ui.DefaultToolButton;aoi\sourcefiles\ArtOfIllusion\src\artofillusion\ui\DefaultToolButton.java;0;0;2;3;0;9.87;9.84;46;0.019
aoi;artofillusion.ui.ToolPalette;aoi\sourcefiles\ArtOfIllusion\src\artofillusion\ui\ToolPalette.java;2;2;2;2;1;9.75;9.10;57;0.009
aoi;artofillusion.view.FlatVertexShader;aoi\sourcefiles\ArtOfIllusion\src\artofillusion\view\FlatVertexShader.java;0;1;3;3;0;10.00;10.00;0;0
aoi;artofillusion.view.GLCanvasDrawer;aoi\sourcefiles\ArtOfIllusion\src\artofillusion\view\GLCanvasDrawer.java;2;2;0;0;2;8.05;8.07;314;0.013
aoi;artofillusion.view.TexturedVertexShader;aoi\sourcefiles\ArtOfIllusion\src\artofillusion\view\TexturedVertexShader.java;2;2;0;1;2;9.47;9.35;44;0.009
aoi;nik777.aoi.HelpPlugin;aoi\sourcefiles\HelpPlugin\src\HelpPlugin.java;2;3;0;0;3;5.79;5.37;1740;0.083
aoi;nik777.chat.ChatTextPane;aoi\sourcefiles\HelpPlugin\src\ChatTextPane.java;1;2;0;0;2;7.42;7.03;660;0.061
aoi;nik777.xlate.StringEditor;aoi\sourcefiles\HelpPlugin\src\StringEditor.java;1;3;1;2;2;8.02;8.05;92;0.021
argoUML;org.argouml.application.api.Argo;argoUML\sourcefiles\src\argouml-app\src\org\argouml\application\api\Argo.java;0;1;3;3;1;10.00;10.00;125;0.038
argoUML;org.argouml.application.events.ArgoEventPump;argoUML\sourcefiles\src\argouml-app\src\org\argouml\application\events\ArgoEventPump.java;0;1;1;3;1;8.81;8.66;106;0.011
argoUML;org.argouml.cognitive.ui.PriorityNode;argoUML\sourcefiles\src\argouml-app\src\org\argouml\cognitive\ui\PriorityNode.java;1;0;3;3;0;10.00;10.00;1;0.001
argoUML;org.argouml.cognitive.ui.ToDoByType;argoUML\sourcefiles\src\argouml-app\src\org\argouml\cognitive\ui\ToDoByType.java;2;2;2;1;2;9.75;9.69;10;0.003
argoUML;org.argouml.cognitive.UnresolvableException;argoUML\sourcefiles\src\argouml-app\src\org\argouml\cognitive\UnresolvableException.java;0;0;3;3;0;10.00;10.00;0;0
argoUML;org.argouml.core.propertypanels.ui.EnumerationListModel;argoUML\sourcefiles\src\argouml-core-umlpropertypanels\src\org\argouml\core\propertypanels\ui\EnumerationListModel.java;0;0;3;3;0;10.00;10.00;0;0
argoUML;org.argouml.core.propertypanels.ui.LabelledLayout;argoUML\sourcefiles\src\argouml-core-umlpropertypanels\src\org\argouml\core\propertypanels\ui\LabelledLayout.java;1;1;1;1;1;7.39;7.315164764;71;0.009
argoUML;org.argouml.core.propertypanels.ui.UMLDiscriminatorNameDocument;argoUML\sourcefiles\src\argouml-core-umlpropertypanels\src\org\argouml\core\propertypanels\ui\UMLDiscriminatorNameDocument.java;0;0;3;3;0;10.00;10.00;0;0
argoUML;org.argouml.core.propertypanels.ui.UMLExpressionPanel;argoUML\sourcefiles\src\argouml-core-umlpropertypanels\src\org\argouml\core\propertypanels\ui\UMLExpressionPanel.java;0;0;3;2;0;10.00;10.00;0;0
argoUML;org.argouml.core.propertypanels.ui.UMLIncludeBaseListModel;argoUML\sourcefiles\src\argouml-core-umlpropertypanels\src\org\argouml\core\propertypanels\ui\UMLIncludeBaseListModel.java;0;0;3;3;0;10.00;10.00;0;0
argoUML;org.argouml.core.propertypanels.ui.UMLMessageActivatorComboBoxModel;argoUML\sourcefiles\src\argouml-core-umlpropertypanels\src\org\argouml\core\propertypanels\ui\UMLMessageActivatorComboBoxModel.java;0;1;2;3;1;10.00;10.00;0;0
argoUML;org.argouml.core.propertypanels.ui.UMLModelElementSourceFlowListModel;argoUML\sourcefiles\src\argouml-core-umlpropertypanels\src\org\argouml\core\propertypanels\ui\UMLModelElementSourceFlowListModel.java;0;0;3;3;0;10.00;10.00;0;0
argoUML;org.argouml.core.propertypanels.ui.UMLOFSStateListModel;argoUML\sourcefiles\src\argouml-core-umlpropertypanels\src\org\argouml\core\propertypanels\ui\UMLOFSStateListModel.java;1;1;2;2;1;10.00;9.69;57;0.014
argoUML;org.argouml.core.propertypanels.ui.UMLSignalComboBoxModel;argoUML\sourcefiles\src\argouml-core-umlpropertypanels\src\org\argouml\core\propertypanels\ui\UMLSignalComboBoxModel.java;0;1;2;3;0;10.00;10.00;16;0.006
argoUML;org.argouml.core.propertypanels.ui.UMLTemplateParameterParameterComboBoxModel;argoUML\sourcefiles\src\argouml-core-umlpropertypanels\src\org\argouml\core\propertypanels\ui\UMLTemplateParameterParameterComboBoxModel.java;1;1;2;3;1;10.00;10.00;11;0.005
argoUML;org.argouml.dev.UndoManagerWrapper;argoUML\sourcefiles\modules\dev\src\org\argouml\dev\UndoManagerWrapper.java;1;0;3;3;1;10.00;10.00;15;0.1
argoUML;org.argouml.gefext.ArgoFigRect;argoUML\sourcefiles\src\argouml-app\src\org\argouml\gefext\ArgoFigRect.java;0;0;3;3;0;10.00;10.00;0;0
argoUML;org.argouml.gefext.ArgoModeCreateFigLine;argoUML\sourcefiles\src\argouml-app\src\org\argouml\gefext\ArgoModeCreateFigLine.java;0;0;3;3;0;10.00;10.00;7;0.015
argoUML;org.argouml.kernel.ProfileConfiguration;argoUML\sourcefiles\src\argouml-app\src\org\argouml\kernel\ProfileConfiguration.java;1;1;2;2;1;10.00;9.39;84;0.011
argoUML;org.argouml.model.AbstractUseCasesHelperDecorator;argoUML\sourcefiles\src\argouml-core-model\src\org\argouml\model\AbstractUseCasesHelperDecorator.java;0;0;3;3;0;9.75;9.688208329;0;0
argoUML;org.argouml.model.euml.CollaborationsFactoryEUMLImpl;argoUML\sourcefiles\src\argouml-core-model-euml\src\org\argouml\model\euml\CollaborationsFactoryEUMLImpl.java;0;1;3;3;1;9.50;9.387218219;30;0.008
argoUML;org.argouml.model.euml.DataTypesHelperEUMLImpl;argoUML\sourcefiles\src\argouml-core-model-euml\src\org\argouml\model\euml\DataTypesHelperEUMLImpl.java;1;2;1;1;2;7.37;7.292494331;44;0.006
argoUML;org.argouml.model.euml.UMLUtil;argoUML\sourcefiles\src\argouml-core-model-euml\src\org\argouml\model\euml\UMLUtil.java;2;2;1;1;1;10.00;9.688208329;35;0.01
argoUML;org.argouml.model.euml.XmiReaderEUMLImpl;argoUML\sourcefiles\src\argouml-core-model-euml\src\org\argouml\model\euml\XmiReaderEUMLImpl.java;2;2;1;1;3;7.15;7.055255099;190;0.03
argoUML;org.argouml.model.mdr.CollaborationsHelperMDRImpl;argoUML\sourcefiles\src\argouml-core-model-mdr\src\org\argouml\model\mdr\CollaborationsHelperMDRImpl.java;2;2;1;1;2;4.08;3.51329864;171;0.008
argoUML;org.argouml.model.mdr.CoreFactoryMDRImpl;argoUML\sourcefiles\src\argouml-core-model-mdr\src\org\argouml\model\mdr\CoreFactoryMDRImpl.java;2;3;0;1;3;4.65;4.085756024;275;0.006
argoUML;org.argouml.model.mdr.ModelEventPumpMDRImpl;argoUML\sourcefiles\src\argouml-core-model-mdr\src\org\argouml\model\mdr\ModelEventPumpMDRImpl.java;0;2;2;0;2;7.54;7.484386582;298;0.014
argoUML;org.argouml.model.mdr.UmlFactoryMDRImpl;argoUML\sourcefiles\src\argouml-core-model-mdr\src\org\argouml\model\mdr\UmlFactoryMDRImpl.java;2;2;0;0;3;2.66;2.848471924;304;0.008
argoUML;org.argouml.notation.providers.ActionStateNotation;argoUML\sourcefiles\src\argouml-app\src\org\argouml\notation\providers\ActionStateNotation.java;0;1;3;3;0;10.00;10.00;12;0.015
argoUML;org.argouml.notation.providers.java.AssociationEndNameNotationJava;argoUML\sourcefiles\src\argouml-app\src\org\argouml\notation\providers\java\AssociationEndNameNotationJava.java;0;0;2;3;0;10.00;10.00;5;0.004
argoUML;org.argouml.notation.providers.uml.ClassifierRoleNotationUml;argoUML\sourcefiles\src\argouml-app\src\org\argouml\notation\providers\uml\ClassifierRoleNotationUml.java;2;2;0;1;3;7.67;7.634241216;124;0.024
argoUML;org.argouml.persistence.AbstractFilePersister;argoUML\sourcefiles\src\argouml-app\src\org\argouml\persistence\AbstractFilePersister.java;0;0;2;2;1;10.00;10.00;87;0.013
argoUML;org.argouml.sequence2.diagram.FigMessage;argoUML\sourcefiles\src\argouml-core-diagrams-sequence2\src\org\argouml\sequence2\diagram\FigMessage.java;1;1;1;2;2;10.00;9.387218219;65;0.007
argoUML;org.argouml.ui.cmd.ShortcutField;argoUML\sourcefiles\src\argouml-app\src\org\argouml\ui\cmd\ShortcutField.java;0;1;1;2;1;9.62;9.536386776;29;0.011
argoUML;org.argouml.ui.explorer.ExplorerTreeModel;argoUML\sourcefiles\src\argouml-app\src\org\argouml\ui\explorer\ExplorerTreeModel.java;1;1;1;1;2;8.20;8.187041314;267;0.023
argoUML;org.argouml.ui.explorer.rules.AbstractPerspectiveRule;argoUML\sourcefiles\src\argouml-app\src\org\argouml\ui\explorer\rules\AbstractPerspectiveRule.java;0;0;3;3;0;10.00;10.00;0;0
argoUML;org.argouml.ui.explorer.rules.GoStateToDoActivity;argoUML\sourcefiles\src\argouml-app\src\org\argouml\ui\explorer\rules\GoStateToDoActivity.java;0;0;3;3;0;10.00;10.00;24;0.027
argoUML;org.argouml.ui.SettingsTabLayout;argoUML\sourcefiles\src\argouml-app\src\org\argouml\ui\SettingsTabLayout.java;1;1;3;2;1;10.00;10.00;85;0.046
argoUML;org.argouml.ui.ZoomSliderButton;argoUML\sourcefiles\src\argouml-app\src\org\argouml\ui\ZoomSliderButton.java;1;2;2;2;1;10.00;10.00;50;0.008
argoUML;org.argouml.uml.cognitive.checklist.Init;argoUML\sourcefiles\src\argouml-app\src\org\argouml\uml\cognitive\checklist\Init.java;0;1;3;2;1;7.92;7.933655133;5;0
argoUML;org.argouml.uml.cognitive.critics.CrCircularInheritance;argoUML\sourcefiles\src\argouml-app\src\org\argouml\uml\cognitive\critics\CrCircularInheritance.java;0;0;2;3;0;10.00;10.00;1;0.001
argoUML;org.argouml.uml.cognitive.critics.CrInvalidForkTriggerOrGuard;argoUML\sourcefiles\src\argouml-app\src\org\argouml\uml\cognitive\critics\CrInvalidForkTriggerOrGuard.java;1;2;3;3;1;9.75;9.688208329;1;0.001
argoUML;org.argouml.uml.cognitive.critics.CrMissingClassName;argoUML\sourcefiles\src\argouml-app\src\org\argouml\uml\cognitive\critics\CrMissingClassName.java;0;0;2;3;1;10.00;9.688208329;16;0.009
argoUML;org.argouml.uml.cognitive.critics.CrMissingOperName;argoUML\sourcefiles\src\argouml-app\src\org\argouml\uml\cognitive\critics\CrMissingOperName.java;1;1;2;3;1;10.00;10.00;16;0.009
argoUML;org.argouml.uml.cognitive.critics.CrMultiComposite;argoUML\sourcefiles\src\argouml-app\src\org\argouml\uml\cognitive\critics\CrMultiComposite.java;0;0;3;3;0;10.00;10.00;1;0.001
argoUML;org.argouml.uml.cognitive.critics.CrNoIncomingTransitions;argoUML\sourcefiles\src\argouml-app\src\org\argouml\uml\cognitive\critics\CrNoIncomingTransitions.java;0;1;2;2;0;9.56;9.458490983;20;0.009
argoUML;org.argouml.uml.cognitive.critics.WizMEName;argoUML\sourcefiles\src\argouml-app\src\org\argouml\uml\cognitive\critics\WizMEName.java;0;0;3;3;0;10.00;10.00;25;0.012
argoUML;org.argouml.uml.diagram.activity.ui.FigSubactivityState;argoUML\sourcefiles\src\argouml-app\src\org\argouml\uml\diagram\activity\ui\FigSubactivityState.java;0;2;1;2;1;9.75;9.688208329;41;0.008
argoUML;org.argouml.uml.diagram.deployment.ui.SelectionComponentInstance;argoUML\sourcefiles\src\argouml-app\src\org\argouml\uml\diagram\deployment\ui\SelectionComponentInstance.java;0;0;3;3;0;10.00;10.00;22;0.012
argoUML;org.argouml.uml.diagram.deployment.ui.UMLDeploymentDiagram;argoUML\sourcefiles\src\argouml-app\src\org\argouml\uml\diagram\deployment\ui\UMLDeploymentDiagram.java;2;1;2;1;2;9.48;8.660645653;150;0.012
argoUML;org.argouml.uml.diagram.state.ui.ButtonActionNewCallEvent;argoUML\sourcefiles\src\argouml-app\src\org\argouml\uml\diagram\state\ui\ButtonActionNewCallEvent.java;0;0;3;3;0;10.00;10.00;0;0
argoUML;org.argouml.uml.diagram.state.ui.FigCompositeState;argoUML\sourcefiles\src\argouml-app\src\org\argouml\uml\diagram\state\ui\FigCompositeState.java;2;2;1;2;2;8.67;8.28398108;119;0.015
argoUML;org.argouml.uml.diagram.static_structure.layout.ClassdiagramModelElementFactory;argoUML\sourcefiles\src\argouml-app\src\org\argouml\uml\diagram\static_structure\layout\ClassdiagramModelElementFactory.java;1;1;3;3;0;10.00;10.00;0;0
argoUML;org.argouml.uml.diagram.static_structure.layout.ClassdiagramNode;argoUML\sourcefiles\src\argouml-app\src\org\argouml\uml\diagram\static_structure\layout\ClassdiagramNode.java;0;0;2;2;0;10.00;10.00;32;0.006
argoUML;org.argouml.uml.diagram.ui.ActionStereotypeViewTextual;argoUML\sourcefiles\src\argouml-app\src\org\argouml\uml\diagram\ui\ActionStereotypeViewTextual.java;0;0;3;3;0;10.00;10.00;0;0
argoUML;org.argouml.uml.diagram.ui.FigEdgePort;argoUML\sourcefiles\src\argouml-app\src\org\argouml\uml\diagram\ui\FigEdgePort.java;0;0;3;3;1;10.00;10.00;0;0
argoUML;org.argouml.uml.diagram.ui.FigKeyword;argoUML\sourcefiles\src\argouml-app\src\org\argouml\uml\diagram\ui\FigKeyword.java;0;0;3;3;0;10.00;10.00;5;0.004
argoUML;org.argouml.uml.diagram.ui.FigStereotypesGroup;argoUML\sourcefiles\src\argouml-app\src\org\argouml\uml\diagram\ui\FigStereotypesGroup.java;1;2;1;1;2;8.43;8.358840185;54;0.006
argoUML;org.argouml.uml.diagram.ui.FigUsage;argoUML\sourcefiles\src\argouml-app\src\org\argouml\uml\diagram\ui\FigUsage.java;0;0;3;3;0;10.00;10.00;0;0
argoUML;org.argouml.uml.diagram.ui.PathConvPercent2;argoUML\sourcefiles\src\argouml-app\src\org\argouml\uml\diagram\ui\PathConvPercent2.java;1;1;3;3;0;10.00;10.00;5;0.003
argoUML;org.argouml.uml.diagram.UmlDiagramRenderer;argoUML\sourcefiles\src\argouml-app\src\org\argouml\uml\diagram\UmlDiagramRenderer.java;1;2;2;2;2;9.75;9.688208329;40;0.01
argoUML;org.argouml.uml.reveng.ui.ImportStatusScreen;argoUML\sourcefiles\src\argouml-app\src\org\argouml\uml\reveng\ui\ImportStatusScreen.java;0;1;3;3;0;10.00;10.00;65;0.013
argoUML;org.argouml.uml.ui.ActionImportFromSources;argoUML\sourcefiles\src\argouml-app\src\org\argouml\uml\ui\ActionImportFromSources.java;1;1;2;3;1;10.00;10.00;38;0.015
argoUML;org.argouml.uml.ui.behavior.state_machines.ButtonActionNewGuard;argoUML\sourcefiles\src\argouml-app\src\org\argouml\uml\ui\behavior\state_machines\ButtonActionNewGuard.java;0;0;3;3;0;10.00;10.00;0;0
argoUML;org.argouml.uml.ui.behavior.state_machines.PopupMenuNewEvent;argoUML\sourcefiles\src\argouml-app\src\org\argouml\uml\ui\behavior\state_machines\PopupMenuNewEvent.java;2;1;2;2;1;10.00;10.00;25;0.015
argoUML;org.argouml.uml.ui.foundation.core.UMLAssociationEndOrderingCheckBox;argoUML\sourcefiles\src\argouml-app\src\org\argouml\uml\ui\foundation\core\UMLAssociationEndOrderingCheckBox.java;0;0;3;3;0;10.00;10.00;0;0
argoUML;org.argouml.uml.ui.foundation.core.UMLGeneralizableElementLeafCheckBox;argoUML\sourcefiles\src\argouml-app\src\org\argouml\uml\ui\foundation\core\UMLGeneralizableElementLeafCheckBox.java;0;0;3;3;0;10.00;10.00;0;0
argoUML;org.argouml.uml.ui.PropPanel;argoUML\sourcefiles\src\argouml-app\src\org\argouml\uml\ui\PropPanel.java;1;2;2;2;2;9.50;9.387218219;118;0.01
argoUML;org.argouml.uml.ui.UMLComboBox2;argoUML\sourcefiles\src\argouml-app\src\org\argouml\uml\ui\UMLComboBox2.java;1;1;2;2;1;9.62;9.240656298;40;0.013
argoUML;org.argouml.uml.ui.UMLTableCellRenderer;argoUML\sourcefiles\src\argouml-app\src\org\argouml\uml\ui\UMLTableCellRenderer.java;0;0;3;3;0;10.00;10.00;0;0
argoUML;org.argouml.uml.ui.UMLTreeCellRenderer;argoUML\sourcefiles\src\argouml-app\src\org\argouml\uml\ui\UMLTreeCellRenderer.java;1;0;2;2;1;9.75;9.688208329;20;0.01
argoUML;org.argouml.util.PredicateStringMatch;argoUML\sourcefiles\src\argouml-app\src\org\argouml\util\PredicateStringMatch.java;0;0;2;3;0;10.00;10.00;47;0.027
argoUML;org.argouml.util.PredicateTrue;argoUML\sourcefiles\src\argouml-app\src\org\argouml\util\PredicateTrue.java;0;0;3;3;0;10.00;10.00;0;0
argoUML;org.argouml.util.PredicateType;argoUML\sourcefiles\src\argouml-app\src\org\argouml\util\PredicateType.java;0;1;3;3;1;10.00;10.00;80;0.04
diarymanagement;TBA.Client.GUI.SettingsDialog;diarymanagement\sourcefiles\tbaclient\src\TBA\Client\GUI\SettingsDialog.java;1;0;3;0;1;8.77;8.635836915;437;0.028
diarymanagement;TBA.Data.User;diarymanagement\sourcefiles\dbserver\src\TBA\Data\User.java;0;0;3;3;0;10.00;10.00;34;0.019
diarymanagement;TBA.Data.User;diarymanagement\sourcefiles\tbaclientr\SSL\src\TBA\Data\User.java;0;0;3;3;0;10.00;10.00;10;0.008
diarymanagement;TBA.Exceptions.MessagesException;diarymanagement\sourcefiles\dbserver\src\TBA\Exceptions\MessagesException.java;0;0;3;3;0;10.00;10.00;10;0.02
diarymanagement;TBA.Exceptions.NetworkDataException;diarymanagement\sourcefiles\dbserver\src\TBA\Exceptions\NetworkDataException.java;0;0;3;3;2;10.00;10.00;10;0.02
diarymanagement;TBA.Logging.TBALogger;diarymanagement\sourcefiles\tbaclient\src\TBA\Logging\TBALogger.java;2;1;3;3;2;10.00;10.00;38;0.027
diarymanagement;TBA.Messages.LoginResponse;diarymanagement\sourcefiles\dbserver\src\TBA\Messages\LoginResponse.java;1;0;3;3;0;9.75;9.688208329;115;0.029
diarymanagement;TBA.Messages.LogoutResponse;diarymanagement\sourcefiles\tbaclient\src\TBA\Messages\LogoutResponse.java;0;0;3;3;0;10.00;10.00;30;0.059
diarymanagement;TBA.Messages.Messages;diarymanagement\sourcefiles\dbserver\src\TBA\Messages\Messages.java;1;0;3;2;0;10.00;10.00;85;0.028
diarymanagement;TBA.Messages.QueryMessage;diarymanagement\sourcefiles\dbserver\src\TBA\Messages\QueryMessage.java;0;0;3;3;0;10.00;10.00;19;0.019
diarymanagement;TBA.Messages.ResponseMessage;diarymanagement\sourcefiles\dbserver\src\TBA\Messages\ResponseMessage.java;1;1;2;3;1;10.00;10.00;51;0.02
jsweet;def.dom.ANGLE_instanced_arrays;jsweet\sourcefiles\core-lib\es6\src\main\java\def\dom\ANGLE_instanced_arrays.java;0;0;3;3;0;10.00;10.00;60;0.2
jsweet;def.dom.AudioParam;jsweet\sourcefiles\core-lib\es5\src\main\java\def\dom\AudioParam.java;0;0;3;3;0;10.00;10.00;67;0.16
jsweet;def.dom.CanvasRenderingContext2D;jsweet\sourcefiles\core-lib\es5\src\main\java\def\dom\CanvasRenderingContext2D.java;0;0;3;3;0;10.00;10.00;365;0.128
jsweet;def.dom.ChildNode;jsweet\sourcefiles\core-lib\es5\src\main\java\def\dom\ChildNode.java;0;0;3;3;0;10.00;10.00;2;0.013
jsweet;def.dom.CloseEvent;jsweet\sourcefiles\core-lib\es6\src\main\java\def\dom\CloseEvent.java;0;0;3;3;0;10.00;10.00;67;0.248
jsweet;def.dom.CSSConditionRule;jsweet\sourcefiles\core-lib\es5\src\main\java\def\dom\CSSConditionRule.java;0;0;3;3;0;10.00;10.00;45;0.25
jsweet;def.dom.GainNode;jsweet\sourcefiles\core-lib\es5\src\main\java\def\dom\GainNode.java;1;0;3;3;0;10.00;10.00;45;0.25
jsweet;def.dom.GamepadEvent;jsweet\sourcefiles\core-lib\es5\src\main\java\def\dom\GamepadEvent.java;0;0;3;3;0;10.00;10.00;45;0.25
jsweet;def.dom.HTMLAllCollection;jsweet\sourcefiles\core-lib\es6\src\main\java\def\dom\HTMLAllCollection.java;0;0;3;3;0;10.00;10.00;37;0.206
jsweet;def.dom.HTMLBaseElement;jsweet\sourcefiles\core-lib\es5\src\main\java\def\dom\HTMLBaseElement.java;0;0;3;3;0;10.00;10.00;55;0.262
jsweet;def.dom.HTMLBodyElement;jsweet\sourcefiles\core-lib\es6\src\main\java\def\dom\HTMLBodyElement.java;3;1;3;3;1;10.00;10.00;429;0.097
jsweet;def.dom.HTMLDTElement;jsweet\sourcefiles\core-lib\es6\src\main\java\def\dom\HTMLDTElement.java;0;0;3;3;0;10.00;10.00;45;0.25
jsweet;def.dom.HTMLFrameElement;jsweet\sourcefiles\core-lib\es5\src\main\java\def\dom\HTMLFrameElement.java;1;1;3;3;1;10.00;10.00;600;0.09
jsweet;def.dom.HTMLIFrameElement;jsweet\sourcefiles\core-lib\es6\src\main\java\def\dom\HTMLIFrameElement.java;2;3;2;1;3;10.00;10.00;272;0.089
jsweet;def.dom.HTMLLegendElement;jsweet\sourcefiles\core-lib\es5\src\main\java\def\dom\HTMLLegendElement.java;0;0;3;3;0;10.00;10.00;55;0.262
jsweet;def.dom.HTMLMapElement;jsweet\sourcefiles\core-lib\es5\src\main\java\def\dom\HTMLMapElement.java;0;0;3;3;0;10.00;10.00;55;0.262
jsweet;def.dom.HTMLNextIdElement;jsweet\sourcefiles\core-lib\es5\src\main\java\def\dom\HTMLNextIdElement.java;0;1;3;3;0;10.00;10.00;45;0.25
jsweet;def.dom.HTMLOListElement;jsweet\sourcefiles\core-lib\es6\src\main\java\def\dom\HTMLOListElement.java;1;1;3;3;0;10.00;10.00;65;0.271
jsweet;def.dom.HTMLUListElement;jsweet\sourcefiles\core-lib\es5\src\main\java\def\dom\HTMLUListElement.java;0;1;3;3;1;10.00;10.00;55;0.262
jsweet;def.dom.HTMLUnknownElement;jsweet\sourcefiles\core-lib\es5\src\main\java\def\dom\HTMLUnknownElement.java;0;0;3;3;0;10.00;10.00;35;0.233
jsweet;def.dom.intl.CollatorOptions;jsweet\sourcefiles\core-lib\es5\src\main\java\def\dom\intl\CollatorOptions.java;0;0;3;3;0;10.00;10.00;0;0
jsweet;def.dom.intl.ResolvedCollatorOptions;jsweet\sourcefiles\core-lib\es6\src\main\java\def\dom\intl\ResolvedCollatorOptions.java;0;0;3;3;0;10.00;10.00;70;0.212
jsweet;def.dom.intl.ResolvedNumberFormatOptions;jsweet\sourcefiles\core-lib\es6\src\main\java\def\dom\intl\ResolvedNumberFormatOptions.java;0;0;3;3;0;10.00;10.00;70;0.123
jsweet;def.dom.KeyAlgorithm;jsweet\sourcefiles\core-lib\es5\src\main\java\def\dom\KeyAlgorithm.java;0;0;3;3;0;10.00;10.00;0;0
jsweet;def.dom.KeyAlgorithm;jsweet\sourcefiles\core-lib\es6\src\main\java\def\dom\KeyAlgorithm.java;0;0;3;3;0;10;10;0;0
jsweet;def.dom.MediaSource;jsweet\sourcefiles\core-lib\es6\src\main\java\def\dom\MediaSource.java;0;0;3;3;0;10;10;85;0.202
jsweet;def.dom.MimeTypeArray;jsweet\sourcefiles\core-lib\es6\src\main\java\def\dom\MimeTypeArray.java;0;0;3;3;0;10;10;53;0.136
jsweet;def.dom.MouseEvent;jsweet\sourcefiles\core-lib\es6\src\main\java\def\dom\MouseEvent.java;0;0;3;3;0;10;10;284;0.287
jsweet;def.dom.MouseEventInit;jsweet\sourcefiles\core-lib\es6\src\main\java\def\dom\MouseEventInit.java;0;0;3;3;0;10;10;0;0
jsweet;def.dom.MSApp;jsweet\sourcefiles\core-lib\es6\src\main\java\def\dom\MSApp.java;1;0;3;3;0;10;10;158;0.219
jsweet;def.dom.MSBaseReader;jsweet\sourcefiles\core-lib\es6\src\main\java\def\dom\MSBaseReader.java;0;0;3;3;0;10;10;150;0.125
jsweet;def.dom.MSFileSaver;jsweet\sourcefiles\core-lib\es5\src\main\java\def\dom\MSFileSaver.java;0;0;3;3;0;10;10;8;0.033
jsweet;def.dom.MSInputMethodContext;jsweet\sourcefiles\core-lib\es5\src\main\java\def\dom\MSInputMethodContext.java;1;0;3;3;0;10;10;123;0.164
jsweet;def.dom.MSManipulationEvent;jsweet\sourcefiles\core-lib\es5\src\main\java\def\dom\MSManipulationEvent.java;0;0;3;3;0;10;10;173;0.32
jsweet;def.dom.MSMediaKeySession;jsweet\sourcefiles\core-lib\es6\src\main\java\def\dom\MSMediaKeySession.java;0;0;3;3;0;10;10;69;0.209
jsweet;def.dom.MSStreamReader;jsweet\sourcefiles\core-lib\es5\src\main\java\def\dom\MSStreamReader.java;0;0;3;3;0;10;10;217;0.157
jsweet;def.dom.MSWebViewSettings;jsweet\sourcefiles\core-lib\es5\src\main\java\def\dom\MSWebViewSettings.java;0;0;3;3;0;10;10;55;0.262
jsweet;def.dom.MutationRecord;jsweet\sourcefiles\core-lib\es6\src\main\java\def\dom\MutationRecord.java;0;0;3;3;0;10;10;125;0.298
jsweet;def.dom.NavigatorOnLine;jsweet\sourcefiles\core-lib\es6\src\main\java\def\dom\NavigatorOnLine.java;0;0;3;3;0;10;10;10;0.067
jsweet;def.dom.NodeList;jsweet\sourcefiles\core-lib\es6\src\main\java\def\dom\NodeList.java;0;0;3;3;0;10;10;49;0.204
jsweet;def.dom.NodeSelector;jsweet\sourcefiles\core-lib\es5\src\main\java\def\dom\NodeSelector.java;0;0;3;3;0;10;10;4;0.022
jsweet;def.dom.OES_standard_derivatives;jsweet\sourcefiles\core-lib\es6\src\main\java\def\dom\OES_standard_derivatives.java;0;0;3;3;0;10;10;52;0.289
jsweet;def.dom.PointerEvent;jsweet\sourcefiles\core-lib\es5\src\main\java\def\dom\PointerEvent.java;0;0;3;3;0;10;10;166;0.252
jsweet;def.dom.Selection;jsweet\sourcefiles\core-lib\es5\src\main\java\def\dom\Selection.java;0;1;3;3;0;10;10;133;0.171
jsweet;def.dom.SVGAnimatedBoolean;jsweet\sourcefiles\core-lib\es5\src\main\java\def\dom\SVGAnimatedBoolean.java;1;1;3;3;0;10;10;55;0.262
jsweet;def.dom.SVGAnimatedString;jsweet\sourcefiles\core-lib\es5\src\main\java\def\dom\SVGAnimatedString.java;0;0;3;3;0;10;10;55;0.262
jsweet;def.dom.SVGElementInstance;jsweet\sourcefiles\core-lib\es6\src\main\java\def\dom\SVGElementInstance.java;0;0;3;3;0;10;10;115;0.295
jsweet;def.dom.SVGFEColorMatrixElement;jsweet\sourcefiles\core-lib\es5\src\main\java\def\dom\SVGFEColorMatrixElement.java;0;0;3;3;0;10;10;183;0.265
jsweet;def.dom.SVGFEFuncBElement;jsweet\sourcefiles\core-lib\es5\src\main\java\def\dom\SVGFEFuncBElement.java;0;0;3;3;0;10;10;35;0.233
jsweet;def.dom.SVGFEMergeElement;jsweet\sourcefiles\core-lib\es5\src\main\java\def\dom\SVGFEMergeElement.java;2;2;3;3;0;10;10;93;0.207
jsweet;def.dom.SVGMaskElement;jsweet\sourcefiles\core-lib\es5\src\main\java\def\dom\SVGMaskElement.java;0;0;3;3;0;10;10;281;0.335
jsweet;def.dom.SVGPathSegMovetoRel;jsweet\sourcefiles\core-lib\es6\src\main\java\def\dom\SVGPathSegMovetoRel.java;0;0;3;3;0;10;10;55;0.262
jsweet;def.dom.SVGStringList;jsweet\sourcefiles\core-lib\es5\src\main\java\def\dom\SVGStringList.java;0;0;3;3;0;10;10;59;0.151
jsweet;def.dom.SVGSVGElement;jsweet\sourcefiles\core-lib\es5\src\main\java\def\dom\SVGSVGElement.java;1;0;3;2;1;10;10;780;0.119
jsweet;def.dom.SVGTextPathElement;jsweet\sourcefiles\core-lib\es5\src\main\java\def\dom\SVGTextPathElement.java;0;0;3;3;0;10;10;155;0.258
jsweet;def.dom.TextEvent;jsweet\sourcefiles\core-lib\es5\src\main\java\def\dom\TextEvent.java;0;0;3;3;0;10;10;187;0.328
jsweet;def.dom.WebGLObject;jsweet\sourcefiles\core-lib\es6\src\main\java\def\dom\WebGLObject.java;0;0;3;3;0;10;10;35;0.233
jsweet;def.dom.WebGLTexture;jsweet\sourcefiles\core-lib\es6\src\main\java\def\dom\WebGLTexture.java;0;0;3;3;0;10;10;35;0.233
jsweet;def.dom.WindowSessionStorage;jsweet\sourcefiles\core-lib\es5\src\main\java\def\dom\WindowSessionStorage.java;0;0;3;3;0;10;10;10;0.067
jsweet;def.dom.XPathEvaluator;jsweet\sourcefiles\core-lib\es5\src\main\java\def\dom\XPathEvaluator.java;0;0;3;3;0;10;10;43;0.159
jsweet;def.js.Float64Array;jsweet\sourcefiles\core-lib\es6\src\main\java\def\js\Float64Array.java;0;0;3;3;0;10;10;189;0.085
jsweet;def.js.PropertyDescriptorMap;jsweet\sourcefiles\core-lib\es5\src\main\java\def\js\PropertyDescriptorMap.java;0;0;3;3;0;10;10;2;0.013
jsweet;def.js.String;jsweet\sourcefiles\core-lib\es5\src\main\java\def\js\String.java;0;0;3;3;0;10;10;156;0.068
jsweet;def.js.Uint8Array;jsweet\sourcefiles\core-lib\es5\src\main\java\def\js\Uint8Array.java;0;0;3;3;0;10;10;187;0.085
jsweet;jsweet.util.Lang;jsweet\sourcefiles\core-lib\es5\src\main\java\jsweet\util\Lang.java;1;0;3;2;1;10;10;239;0.096
jsweet;org.jsweet.input.typescriptdef.parser.GenParser;jsweet\sourcefiles\candy-generator\src\main\java\org\jsweet\input\typescriptdef\parser\GenParser.java;0;0;3;3;0;10;10;0;0
jsweet;org.jsweet.input.typescriptdef.visitor.TypeReferenceExpander;jsweet\sourcefiles\candy-generator\src\main\java\org\jsweet\input\typescriptdef\visitor\TypeReferenceExpander.java;2;2;1;2;2;9.12;8.679575849;17;0.011
jsweet;org.jsweet.transpiler.extension.RemoveJavaDependenciesAdapter;jsweet\sourcefiles\transpiler\src\main\java\org\jsweet\transpiler\extension\RemoveJavaDependenciesAdapter.java;3;3;0;0;3;2.46;2.282041199;720;0.016
jsweet;org.jsweet.transpiler.GlobalBeforeTranslationScanner;jsweet\sourcefiles\transpiler\src\main\java\org\jsweet\transpiler\GlobalBeforeTranslationScanner.java;3;3;1;1;2;8.07;7.595990836;77;0.017
jsweet;org.jsweet.transpiler.JSweetTranspiler;jsweet\sourcefiles\transpiler\src\main\java\org\jsweet\transpiler\JSweetTranspiler.java;1;2;1;0;3;4;4.069046679;600;0.017
jsweet;org.jsweet.transpiler.model.support.CompilationUnitElementSupport;jsweet\sourcefiles\transpiler\src\main\java\org\jsweet\transpiler\model\support\CompilationUnitElementSupport.java;0;0;3;3;0;10;10;0;0
jsweet;org.jsweet.transpiler.ModuleImportDescriptor;jsweet\sourcefiles\transpiler\src\main\java\org\jsweet\transpiler\ModuleImportDescriptor.java;0;0;3;3;0;10;10;0;0
jsweet;org.jsweet.transpiler.util.ErrorCountTranspilationHandler;jsweet\sourcefiles\transpiler\src\main\java\org\jsweet\transpiler\util\ErrorCountTranspilationHandler.java;0;0;3;3;0;10;10;0;0
junit4;junit.extensions.RepeatedTest;junit4\sourcefiles\src\main\java\junit\extensions\RepeatedTest.java;0;0;3;3;0;10;10;0;0
junit4;junit.extensions.TestDecorator;junit4\sourcefiles\src\main\java\junit\extensions\TestDecorator.java;0;0;3;3;0;10;10;0;0
junit4;junit.framework.Assert;junit4\sourcefiles\src\main\java\junit\framework\Assert.java;0;0;3;3;0;9.75;9.75;108;0.022
junit4;junit.framework.AssertionFailedError;junit4\sourcefiles\src\main\java\junit\framework\AssertionFailedError.java;0;1;3;3;0;10;10;0;0
junit4;junit.framework.ComparisonCompactor;junit4\sourcefiles\src\main\java\junit\framework\ComparisonCompactor.java;1;1;2;3;1;10;10;0;0
junit4;junit.framework.JUnit4TestAdapter;junit4\sourcefiles\src\main\java\junit\framework\JUnit4TestAdapter.java;0;0;3;3;0;10;10;0;0
junit4;junit.framework.JUnit4TestCaseFacade;junit4\sourcefiles\src\main\java\junit\framework\JUnit4TestCaseFacade.java;0;0;3;3;0;10;10;20;0.029
junit4;junit.framework.TestCase;junit4\sourcefiles\src\main\java\junit\framework\TestCase.java;0;0;2;3;0;9.75;9.75;9;0.001
junit4;junit.framework.TestResult;junit4\sourcefiles\src\main\java\junit\framework\TestResult.java;0;0;3;3;0;10;10;4;0.001
junit4;junit.textui.TestRunner;junit4\sourcefiles\src\main\java\junit\textui\TestRunner.java;0;0;3;3;0;9.75;9.75;136;0.036
junit4;org.junit.Assume;junit4\sourcefiles\src\main\java\org\junit\Assume.java;0;0;3;3;0;10;10;5;0.004
junit4;org.junit.ComparisonFailure;junit4\sourcefiles\src\main\java\org\junit\ComparisonFailure.java;0;0;2;3;1;10;10;40;0.016
junit4;org.junit.experimental.categories.Categories;junit4\sourcefiles\src\main\java\org\junit\experimental\categories\Categories.java;1;1;2;1;1;9.12;9.12;14;0.002
junit4;org.junit.experimental.categories.CategoryFilterFactory;junit4\sourcefiles\src\main\java\org\junit\experimental\categories\CategoryFilterFactory.java;0;0;3;3;0;10;10;0;0
junit4;org.junit.experimental.categories.CategoryValidator;junit4\sourcefiles\src\main\java\org\junit\experimental\categories\CategoryValidator.java;0;0;3;3;0;10;10;1;0.001
junit4;org.junit.experimental.max.CouldNotReadCoreException;junit4\sourcefiles\src\main\java\org\junit\experimental\max\CouldNotReadCoreException.java;0;0;3;3;0;10;10;0;0
junit4;org.junit.experimental.max.MaxCore;junit4\sourcefiles\src\main\java\org\junit\experimental\max\MaxCore.java;0;1;3;2;1;9.87;9.87;32;0.01
junit4;org.junit.experimental.max.MaxHistory;junit4\sourcefiles\src\main\java\org\junit\experimental\max\MaxHistory.java;0;1;2;2;0;10;10;33;0.009
junit4;org.junit.experimental.results.PrintableResult;junit4\sourcefiles\src\main\java\org\junit\experimental\results\PrintableResult.java;0;0;3;3;0;10;10;0;0
junit4;org.junit.experimental.results.ResultMatchers;junit4\sourcefiles\src\main\java\org\junit\experimental\results\ResultMatchers.java;0;0;2;3;0;10;10;5;0.004
junit4;org.junit.experimental.runners.Enclosed;junit4\sourcefiles\src\main\java\org\junit\experimental\runners\Enclosed.java;0;1;3;3;0;9.75;9.75;1;0.002
junit4;org.junit.experimental.theories.internal.AllMembersSupplier;junit4\sourcefiles\src\main\java\org\junit\experimental\theories\internal\AllMembersSupplier.java;1;1;2;3;1;9.5;9.5;103;0.021
junit4;org.junit.experimental.theories.internal.BooleanSupplier;junit4\sourcefiles\src\main\java\org\junit\experimental\theories\internal\BooleanSupplier.java;0;0;3;3;0;10;10;0;0
junit4;org.junit.experimental.theories.ParameterSignature;junit4\sourcefiles\src\main\java\org\junit\experimental\theories\ParameterSignature.java;0;1;2;3;0;10;10;12;0.004
junit4;org.junit.experimental.theories.suppliers.TestedOnSupplier;junit4\sourcefiles\src\main\java\org\junit\experimental\theories\suppliers\TestedOnSupplier.java;0;0;3;3;0;10;10;1;0.002
junit4;org.junit.experimental.theories.Theories;junit4\sourcefiles\src\main\java\org\junit\experimental\theories\Theories.java;2;2;1;2;2;9.87;9.87;4;0.001
junit4;org.junit.internal.ArrayComparisonFailure;junit4\sourcefiles\src\main\java\org\junit\internal\ArrayComparisonFailure.java;0;0;3;3;0;10;10;16;0.014
junit4;org.junit.internal.AssumptionViolatedException;junit4\sourcefiles\src\main\java\org\junit\internal\AssumptionViolatedException.java;0;1;3;3;0;10;10;40;0.026
junit4;org.junit.internal.builders.AnnotatedBuilder;junit4\sourcefiles\src\main\java\org\junit\internal\builders\AnnotatedBuilder.java;0;1;2;3;0;10;10;0;0
junit4;org.junit.internal.builders.IgnoredBuilder;junit4\sourcefiles\src\main\java\org\junit\internal\builders\IgnoredBuilder.java;0;0;3;3;0;10;10;0;0
junit4;org.junit.internal.builders.IgnoredClassRunner;junit4\sourcefiles\src\main\java\org\junit\internal\builders\IgnoredClassRunner.java;0;0;3;3;0;10;10;0;0
junit4;org.junit.internal.builders.JUnit3Builder;junit4\sourcefiles\src\main\java\org\junit\internal\builders\JUnit3Builder.java;0;0;3;3;0;10;10;0;0
junit4;org.junit.internal.builders.JUnit4Builder;junit4\sourcefiles\src\main\java\org\junit\internal\builders\JUnit4Builder.java;0;0;3;3;0;10;10;0;0
junit4;org.junit.internal.builders.SuiteMethodBuilder;junit4\sourcefiles\src\main\java\org\junit\internal\builders\SuiteMethodBuilder.java;0;0;3;3;0;10;10;0;0
junit4;org.junit.internal.Classes;junit4\sourcefiles\src\main\java\org\junit\internal\Classes.java;1;2;3;3;1;10;10;5;0.024
junit4;org.junit.internal.ExactComparisonCriteria;junit4\sourcefiles\src\main\java\org\junit\internal\ExactComparisonCriteria.java;0;0;3;3;0;10;10;0;0
junit4;org.junit.internal.MethodSorter;junit4\sourcefiles\src\main\java\org\junit\internal\MethodSorter.java;0;0;3;3;0;10;10;10;0.008
junit4;org.junit.internal.runners.InitializationError;junit4\sourcefiles\src\main\java\org\junit\internal\runners\InitializationError.java;0;0;3;2;0;10;10;15;0.025
junit4;org.junit.internal.runners.JUnit38ClassRunner;junit4\sourcefiles\src\main\java\org\junit\internal\runners\JUnit38ClassRunner.java;0;1;2;3;1;10;10;15;0.003
junit4;org.junit.internal.runners.MethodRoadie;junit4\sourcefiles\src\main\java\org\junit\internal\runners\MethodRoadie.java;2;1;1;3;1;10;10;66;0.015
junit4;org.junit.internal.runners.model.MultipleFailureException;junit4\sourcefiles\src\main\java\org\junit\internal\runners\model\MultipleFailureException.java;0;0;3;3;0;10;10;20;0.074
junit4;org.junit.internal.runners.statements.ExpectException;junit4\sourcefiles\src\main\java\org\junit\internal\runners\statements\ExpectException.java;0;1;2;3;0;10;10;25;0.026
junit4;org.junit.internal.runners.statements.Fail;junit4\sourcefiles\src\main\java\org\junit\internal\runners\statements\Fail.java;0;0;3;3;0;10;10;0;0
junit4;org.junit.internal.runners.statements.InvokeMethod;junit4\sourcefiles\src\main\java\org\junit\internal\runners\statements\InvokeMethod.java;0;0;3;3;0;10;10;0;0
junit4;org.junit.internal.runners.statements.RunAfters;junit4\sourcefiles\src\main\java\org\junit\internal\runners\statements\RunAfters.java;0;0;2;3;0;10;10;1;0.001
junit4;org.junit.internal.runners.TestClass;junit4\sourcefiles\src\main\java\org\junit\internal\runners\TestClass.java;0;0;3;3;0;10;10;32;0.012
junit4;org.junit.internal.runners.TestMethod;junit4\sourcefiles\src\main\java\org\junit\internal\runners\TestMethod.java;0;0;3;3;0;10;10;12;0.008
junit4;org.junit.internal.TextListener;junit4\sourcefiles\src\main\java\org\junit\internal\TextListener.java;0;1;3;3;0;10;10;0;0
junit4;org.junit.rules.ExternalResource;junit4\sourcefiles\src\main\java\org\junit\rules\ExternalResource.java;1;0;3;3;0;10;10;20;0.027
junit4;org.junit.rules.Stopwatch;junit4\sourcefiles\src\main\java\org\junit\rules\Stopwatch.java;1;0;3;3;0;10;10;30;0.017
junit4;org.junit.rules.TemporaryFolder;junit4\sourcefiles\src\main\java\org\junit\rules\TemporaryFolder.java;0;1;2;2;0;10;10;22;0.009
junit4;org.junit.rules.TestName;junit4\sourcefiles\src\main\java\org\junit\rules\TestName.java;0;0;3;3;0;10;10;0;0
junit4;org.junit.rules.TestWatcher;junit4\sourcefiles\src\main\java\org\junit\rules\TestWatcher.java;0;1;3;3;0;10;10;1;0
junit4;org.junit.runner.Description;junit4\sourcefiles\src\main\java\org\junit\runner\Description.java;0;0;3;3;0;9.75;9.75;42;0.01
junit4;org.junit.runner.FilterFactories;junit4\sourcefiles\src\main\java\org\junit\runner\FilterFactories.java;1;1;2;3;0;10;10;10;0.008
junit4;org.junit.runner.FilterFactoryParams;junit4\sourcefiles\src\main\java\org\junit\runner\FilterFactoryParams.java;0;0;3;3;0;10;10;0;0
junit4;org.junit.runner.JUnitCore;junit4\sourcefiles\src\main\java\org\junit\runner\JUnitCore.java;0;0;3;3;0;10;10;0;0
junit4;org.junit.runner.manipulation.Filter;junit4\sourcefiles\src\main\java\org\junit\runner\manipulation\Filter.java;0;1;2;3;1;10;10;0;0
junit4;org.junit.runner.manipulation.Sorter;junit4\sourcefiles\src\main\java\org\junit\runner\manipulation\Sorter.java;0;1;3;3;0;10;10;5;0.007
junit4;org.junit.runner.notification.RunListener;junit4\sourcefiles\src\main\java\org\junit\runner\notification\RunListener.java;0;0;3;3;0;10;10;155;0.178
junit4;org.junit.runner.notification.RunNotifier;junit4\sourcefiles\src\main\java\org\junit\runner\notification\RunNotifier.java;0;2;2;1;1;10;10;25;0.007
junit4;org.junit.runner.notification.StoppedByUserException;junit4\sourcefiles\src\main\java\org\junit\runner\notification\StoppedByUserException.java;0;0;3;3;0;10;10;0;0
junit4;org.junit.runner.notification.SynchronizedRunListener;junit4\sourcefiles\src\main\java\org\junit\runner\notification\SynchronizedRunListener.java;0;0;3;3;0;10;10;0;0
junit4;org.junit.runner.Runner;junit4\sourcefiles\src\main\java\org\junit\runner\Runner.java;0;0;3;3;0;10;10;0;0
junit4;org.junit.runners.BlockJUnit4ClassRunner;junit4\sourcefiles\src\main\java\org\junit\runners\BlockJUnit4ClassRunner.java;0;0;3;2;0;10;10;46;0.007
junit4;org.junit.runners.model.FrameworkField;junit4\sourcefiles\src\main\java\org\junit\runners\model\FrameworkField.java;0;0;3;3;0;10;10;0;0
junit4;org.junit.runners.model.RunnerBuilder;junit4\sourcefiles\src\main\java\org\junit\runners\model\RunnerBuilder.java;0;0;3;3;0;10;10;22;0.015
junit4;org.junit.runners.model.TestTimedOutException;junit4\sourcefiles\src\main\java\org\junit\runners\model\TestTimedOutException.java;0;0;3;3;0;10;10;0;0
junit4;org.junit.runners.parameterized.BlockJUnit4ClassRunnerWithParameters;junit4\sourcefiles\src\main\java\org\junit\runners\parameterized\BlockJUnit4ClassRunnerWithParameters.java;1;1;2;2;1;9.87;9.87;105;0.028
junit4;org.junit.runners.parameterized.BlockJUnit4ClassRunnerWithParametersFactory;junit4\sourcefiles\src\main\java\org\junit\runners\parameterized\BlockJUnit4ClassRunnerWithParametersFactory.java;0;0;3;3;0;10;10;0;0
junit4;org.junit.runners.parameterized.TestWithParameters;junit4\sourcefiles\src\main\java\org\junit\runners\parameterized\TestWithParameters.java;0;0;3;3;0;10;10;0;0
junit4;org.junit.validator.AnnotationsValidator;junit4\sourcefiles\src\main\java\org\junit\validator\AnnotationsValidator.java;1;1;2;2;1;10;10;7;0.003
junit4;org.junit.validator.AnnotationValidator;junit4\sourcefiles\src\main\java\org\junit\validator\AnnotationValidator.java;0;0;3;3;0;10;10;0;0